,name,lat,lon,geometry,travel_bus
0,168계단,35.1174693,129.0354094,POINT (129.0354094 35.1174693),동일파크맨션
1,25의용단,35.1715398,129.113594,POINT (129.113594 35.1715398),해운아파트
2,40계단 문화관,35.1050159,129.0345312,POINT (129.0345312 35.1050159),중앙동
3,40계단 문화관광테마거리,35.1048438,129.0375849,POINT (129.0375849 35.1048438),연안여객터미널
4,60년전통 할매국밥,35.1410164,129.0561961,POINT (129.0561961 35.1410164),범곡교차로
5,75광장,35.0791482,129.0537646,POINT (129.0537646 35.0791482),체육공원
6,AREA6,35.0928012,129.0431429,POINT (129.0431429 35.0928012),영도봉래시장
7,BIFF 광장,35.0988326,129.0292093,POINT (129.0292093 35.0988326),남포동
8,F1963,35.1769907,129.1154605,POINT (129.1154605 35.1769907),고려제강
9,KT&G 상상마당 부산,35.1542841,129.0573158,POINT (129.0573158 35.1542841),서면1번가
10,UN평화축제,35.1269223,129.1008906,POINT (129.1008906 35.1269223),한국산업인력공단남부지사
11,[부산 갈맷길 2코스] 2구간 민락교~오륙도,35.1618263,129.1325241,POINT (129.1325241 35.1618263),수영만아이파크
12,café de 220VOLT(카페드220볼트),35.0939575,129.0561834,POINT (129.0561834 35.0939575),청학고개
13,가덕도,35.0526206,128.8310012,POINT (128.8310012 35.0526206),동선마을
14,가덕도 등대,34.9902946,128.8288642,POINT (128.8288642 34.9902946),대항
15,가덕도 연대봉/연태봉,35.0268467,128.8341087,POINT (128.8341087 35.0268467),동중마을
16,가덕해양파크휴게소,35.0232749,128.8081041,POINT (128.8081041 35.0232749),미소락펜션
17,가야산책공원,35.1478529,129.0273344,POINT (129.0273344 35.1478529),진성아파트
18,감만시민공원,35.109648,129.068746,POINT (129.068746 35.109648),감만현대2차아파트
19,감지해변,35.0598613,129.0775175,POINT (129.0775175 35.0598613),차고지
20,감천문화마을골목축제,35.0962711,129.009441,POINT (129.009441 35.0962711),구감
21,강서낙동강변30리벚꽃축제,35.2072144,128.9798273,POINT (128.9798273 35.2072144),강서구청역
22,개금밀면,35.1525482,129.0250914,POINT (129.0250914 35.1525482),개금삼거리
23,개미집 본점,35.100532,129.0301356,POINT (129.0301356 35.100532),국제시장.부산근대역사관
24,갤러리 ERD 부산,35.1610212,129.163979,POINT (129.163979 35.1610212),해운대온천사거리
25,거대갈비,35.1617509,129.1671143,POINT (129.1671143 35.1617509),중1동
26,고래사어묵,35.1616807,129.1606167,POINT (129.1606167 35.1616807),해운대해수욕장입구
27,고옥,35.1526949,129.1177401,POINT (129.1177401 35.1526949),광안리해수욕장
28,곰내연밭,35.2953712,129.169533,POINT (129.169533 35.2953712),연꽃공원앞
29,공극샌드커피,35.1857483,129.2134797,POINT (129.2134797 35.1857483),당사.양경마을
30,공수어촌체험마을,35.184442,129.2111896,POINT (129.2111896 35.184442),공수
31,관수옥과 초량왜관 터,35.1007009,129.0323127,POINT (129.0323127 35.1007009),국제시장.부산근대역사관
32,관음사,35.1093702,128.9763205,POINT (128.9763205 35.1093702),우림아파트
33,광복로패션거리,35.0985271,129.0303681,POINT (129.0303681 35.0985271),남포동
34,광안리 SUP Zone 해양레포츠센터,35.1456754,129.1134193,POINT (129.1134193 35.1456754),광남초등학교
35,광안리어방축제,35.15106,129.1167741,POINT (129.1167741 35.15106),서호병원
36,광안리패들보드,35.146157,129.1133864,POINT (129.1133864 35.146157),광남초등학교
37,광안리해수욕장,35.1531696,129.118666,POINT (129.118666 35.1531696),광안리해수욕장
38,구덕 민속예술관,35.1217413,129.0169653,POINT (129.0169653 35.1217413),동아대학교구덕캠퍼스
39,구덕문화공원,35.1264175,129.0049919,POINT (129.0049919 35.1264175),구덕꽃마을
40,구덕야영장,35.1270353,129.0113636,POINT (129.0113636 35.1270353),구덕꽃마을
41,구포 무장애숲길,35.1990906,129.0013807,POINT (129.0013807 35.1990906),새생명교회
42,구포 어린이교통공원,35.2008077,128.9997501,POINT (128.9997501 35.2008077),구포교회
43,구포만세역사테마거리,35.2079261,129.0001602,POINT (129.0001602 35.2079261),동원로얄듀크비스타
44,국립달음산자연휴양림,35.3015837,129.185463,POINT (129.185463 35.3015837),곰내재
45,국립부산과학관,35.21297,129.2218214,POINT (129.2218214 35.21297),연서교회
46,국립부산국악원,35.1713738,129.0543865,POINT (129.0543865 35.1713738),국립부산국악원
47,국립일제강제동원역사관,35.1238395,129.0923986,POINT (129.0923986 35.1238395),유엔평화기념관.일제강제동원역사관
48,국립해양박물관,35.0807489,129.0791699,POINT (129.0791699 35.0807489),국제크루즈터미널입구
49,국제크루즈터미널,35.0807489,129.0791699,POINT (129.0791699 35.0807489),국제크루즈터미널입구
50,국청사,35.2536237,129.054801,POINT (129.054801 35.2536237),포구나무집
51,금강공원,35.219909,129.0761736,POINT (129.0761736 35.219909),금강공원
52,금강식물원,35.2254714,129.076169,POINT (129.076169 35.2254714),금강식물원
53,금련산,35.1616667,129.0961111,POINT (129.0961111 35.1616667),마하사
54,금수복국 본점,35.1624205,129.1645061,POINT (129.1645061 35.1624205),해운대구청
55,금수사,35.120194,129.0296217,POINT (129.0296217 35.120194),금수사
56,금정산성,35.2553994,129.0528395,POINT (129.0528395 35.2553994),포구나무집
57,금정산성 막걸리,35.2504164,129.0564792,POINT (129.0564792 35.2504164),금성동주민센터
58,금정산성마을 먹거리촌,35.2528764,129.0557452,POINT (129.0557452 35.2528764),마을회관
59,금정산성축제,35.2326161,129.0892222,POINT (129.0892222 35.2326161),대우아파트후문
60,금정사,35.2215679,129.0746039,POINT (129.0746039 35.2215679),해양자연사박물관
61,기장갯마을축제,35.263326,129.2338902,POINT (129.2338902 35.263326),일광해수욕장입구
62,기장멸치축제,35.2248918,129.2299358,POINT (129.2299358 35.2248918),대변
63,기장붕장어축제,35.2972408,129.2584294,POINT (129.2584294 35.2972408),칠암
64,기장손칼국수,35.1559976,129.0581502,POINT (129.0581502 35.1559976),롯데호텔백화점.서면역
65,기장해녀촌(연화리횟촌),35.2183624,129.2280722,POINT (129.2280722 35.2183624),연화리
66,기장향교,35.2575366,129.2158992,POINT (129.2158992 35.2575366),문화그린맨션
67,김민부전망대,35.1176852,129.0352497,POINT (129.0352497 35.1176852),동일파크맨션
68,깡깡이 예술마을,35.0926551,129.0349146,POINT (129.0349146 35.0926551),진주슈퍼
69,나가하마만게츠,35.1666404,129.1574829,POINT (129.1574829 35.1666404),우1치안센터
70,낙동강 생태탐방선,35.109748,128.9491877,POINT (128.9491877 35.109748),을숙도문화회관
71,낙동강구포나루축제,35.2266865,129.0035081,POINT (129.0035081 35.2266865),한국방송통신대
72,낙동강문화관,35.1082572,128.947434,POINT (128.947434 35.1082572),을숙도문화회관
73,낙동강생태탐방선,35.2266865,129.0035081,POINT (129.0035081 35.2266865),한국방송통신대
74,낙동강유채꽃축제,35.2098957,128.9842032,POINT (128.9842032 35.2098957),대저동
75,낙동강하구에코센터,35.104497,128.9459942,POINT (128.9459942 35.104497),을숙도문화회관
76,남도해양관광열차 S-트레인(S-train),35.1170576,129.0436878,POINT (129.0436878 35.1170576),초량역.초량교차로
77,남선창고터,35.1167718,129.0395023,POINT (129.0395023 35.1167718),국민은행
78,남천녹차팥빙수,35.1406884,129.1086625,POINT (129.1086625 35.1406884),해변시장
79,남파랑길,35.1023458,129.1229897,POINT (129.1229897 35.1023458),오륙도스카이워크
80,내원정사,35.1281432,129.0115557,POINT (129.0115557 35.1281432),구덕꽃마을
81,녹산고향동산,35.1565815,128.8845211,POINT (128.8845211 35.1565815),범방주유소
82,놀이마루,35.1561824,129.063288,POINT (129.063288 35.1561824),부전도서관
83,누리마루 APEC하우스,35.1523864,129.1513029,POINT (129.1513029 35.1523864),한화리조트
84,누리바라기전망대,35.0907458,129.0202893,POINT (129.0202893 35.0907458),대원사
85,다대포 꿈의 낙조분수,35.0457857,128.968704,POINT (128.968704 35.0457857),다대포해수욕장
86,다대포항,35.0568174,128.979237,POINT (128.979237 35.0568174),다대큰샘
87,다대포해수욕장,35.0469015,128.9662387,POINT (128.9662387 35.0469015),다대포해수욕장역
88,다리집,35.1478854,129.1112638,POINT (129.1112638 35.1478854),건강보험공단
89,다솥맛집,35.1785682,129.197913,POINT (129.197913 35.1785682),광어골입구
90,다이도코로,35.1466425,129.1125436,POINT (129.1125436 35.1466425),남천부산은행
91,다이아몬드베이,35.1295917,129.11584,POINT (129.11584 35.1295917),분포고등학교
92,닥밭골 벽화마을,35.1142737,129.0235466,POINT (129.0235466 35.1142737),동대신2동
93,달맞이동산,35.1624207,129.1782858,POINT (129.1782858 35.1624207),동백중학교
94,닭발의지존,35.1701834,129.1107312,POINT (129.1107312 35.1701834),수영아파트
95,당산,35.117236,129.0344454,POINT (129.0344454 35.117236),동일파크맨션
96,대각사,35.1010159,129.0306802,POINT (129.0306802 35.1010159),국제시장.부산근대역사관
97,대변마을,35.2247882,129.2303769,POINT (129.2303769 35.2247882),대변
98,대신공원,35.1207576,129.0142609,POINT (129.0142609 35.1207576),구덕초등학교
99,대연수목전시원,35.1255017,129.0989283,POINT (129.0989283 35.1255017),용당동갓골
100,대저생태공원,35.2048909,128.982775,POINT (128.982775 35.2048909),강서구청역
101,대저수문 생태공원,35.229945,128.992266,POINT (128.992266 35.229945),대저수문
102,대저캠핑장,35.2135357,128.9986046,POINT (128.9986046 35.2135357),구포종점
103,대저토마토축제/강서체육공원,35.209882,128.972345,POINT (128.972345 35.209882),강서체육공원
104,대정양곱창,35.0999864,129.0261188,POINT (129.0261188 35.0999864),부평시장
105,대천공원,35.1811394,129.167494,POINT (129.167494 35.1811394),대림1차.양운고
106,대천천,35.2432716,129.0257187,POINT (129.0257187 35.2432716),흥아농장입구
107,대항 어촌체험 휴양마을,35.0116687,128.8276787,POINT (128.8276787 35.0116687),대항방파제
108,대항선착장,35.0122243,128.8273637,POINT (128.8273637 35.0122243),대항방파제
109,대항전망대,35.019448,128.8328216,POINT (128.8328216 35.019448),새바지입구
110,더무빙카라반,35.3222464,129.2695705,POINT (129.2695705 35.3222464),기장문화예절학교
111,더베이101,35.1560938,129.1520503,POINT (129.1520503 35.1560938),동백섬
112,델타루 (에코델타시티 전망대),35.1363089,128.9218285,POINT (128.9218285 35.1363089),신노전
113,동경밥상,35.1483979,129.1138679,POINT (129.1138679 35.1483979),광일맨션
114,동래 베네스트 골프클럽,35.2651143,129.1006516,POINT (129.1006516 35.2651143),하정리입구
115,동래온천(허심청),35.219814,129.0820719,POINT (129.0820719 35.219814),온천장
116,동래온천길(온천천 산책코스),35.1915884,129.1024469,POINT (129.1024469 35.1915884),월마트
117,동래읍성 역사축제,35.2118622,129.0899982,POINT (129.0899982 35.2118622),동래문화회관
118,동래읍성지,35.21006,129.0901886,POINT (129.0901886 35.21006),복천박물관
119,동래할매파전,35.2046345,129.0838253,POINT (129.0838253 35.2046345),부산은행동래금융센터
120,동래향교,35.207679,129.0840645,POINT (129.0840645 35.207679),명륜초등학교
121,동백섬횟집,35.1604152,129.1546803,POINT (129.1546803 35.1604152),동백섬입구
122,동삼동패총전시관,35.0712598,129.0797817,POINT (129.0797817 35.0712598),해양대입구
123,딤딤섬,35.1687032,129.1297466,POINT (129.1297466 35.1687032),센텀시티
124,딤타오,35.1639406,129.156471,POINT (129.156471 35.1639406),아림비치맨션
125,땅뫼산,35.2455155,129.1174151,POINT (129.1174151 35.2455155),오륜본동마을
126,뚱보집,35.100699,129.0361361,POINT (129.0361361 35.100699),부산데파트
127,라라관,35.1530335,129.0620014,POINT (129.0620014 35.1530335),경남공업고등학교
128,라라라페스티벌,35.229771,129.089356,POINT (129.089356 35.229771),부산대역
129,마가만두,35.1145175,129.0385434,POINT (129.0385434 35.1145175),부산역
130,마라도,35.1574798,129.1265928,POINT (129.1265928 35.1574798),진로비치아파트
131,마린시티,35.1554007,129.146083,POINT (129.146083 35.1554007),한화리조트
132,마이클어반팜테이블,35.1769907,129.1154605,POINT (129.1154605 35.1769907),고려제강
133,마이페이보릿쿠키,35.1589216,129.064227,POINT (129.064227 35.1589216),전포사거리
134,마하사,35.1636225,129.0875541,POINT (129.0875541 35.1636225),마하사
135,만덕고개 누리길 전망데크,35.2143228,129.0571777,POINT (129.0571777 35.2143228),만덕터널입구
136,만들숲,35.1587335,129.063596,POINT (129.063596 35.1587335),NC서면점
137,맥도생태공원,35.1498233,128.9558365,POINT (128.9558365 35.1498233),맥도자연생태공원
138,명지동근린공원,35.0867671,128.9042158,POINT (128.9042158 35.0867671),롯데캐슬아파트
139,명지시장전어축제,35.1128079,128.9313292,POINT (128.9313292 35.1128079),명지시장
140,모노플렉스 오시리아,35.2445494,129.2221542,POINT (129.2221542 35.2445494),기장군청
141,모루식당,35.1559886,129.0640066,POINT (129.0640066 35.1559886),전포사거리
142,모모스커피 본점,35.2192318,129.0864874,POINT (129.0864874 35.2192318),동해중학교
143,모모스커피 영도점,35.0961199,129.042549,POINT (129.042549 35.0961199),홈플러스
144,모모야마,35.156766,129.05587,POINT (129.05587 35.156766),롯데호텔
145,묘관음사,35.3230792,129.2660433,POINT (129.2660433 35.3230792),묘관음사입구
146,문탠로드,35.1574096,129.1755364,POINT (129.1755364 35.1574096),일신하일라빌라.경동메르빌골드
147,문토스트,35.1809125,129.2043831,POINT (129.2043831 35.1809125),송정해수욕장
148,물빛색스튜디오,35.2093593,128.9797652,POINT (128.9797652 35.2093593),강서구청역
149,뮤지엄 원,35.17369,129.126901,POINT (129.126901 35.17369),SK텔레콤
150,미륵사,35.274003,129.0489825,POINT (129.0489825 35.274003),상마마을.범어사박물관
151,미미루,35.2194968,129.0829728,POINT (129.0829728 35.2194968),온천장
152,미포,35.1592786,129.1699201,POINT (129.1699201 35.1592786),미포.문탠로드입구
153,미포철길,35.1599565,129.1708304,POINT (129.1708304 35.1599565),미포.문탠로드입구
154,민락수변공원,35.1566083,129.1318919,POINT (129.1318919 35.1566083),민락수변공원
155,밀락더마켓,35.1546984,129.1260303,POINT (129.1260303 35.1546984),민락매립지공영주차장
156,밀양순대돼지국밥 부산본점,35.1616807,129.1606167,POINT (129.1606167 35.1616807),해운대해수욕장입구
157,바릇식당,35.2972408,129.2584294,POINT (129.2584294 35.2972408),칠암
158,바삭한밀면,35.1349276,129.0996603,POINT (129.0996603 35.1349276),경성대학교입구
159,바오하우스,35.157532,129.071468,POINT (129.071468 35.157532),일산아파트
160,박태준기념관,35.3165417,129.2614979,POINT (129.2614979 35.3165417),임랑삼거리
161,백산기념관,35.1019607,129.0345836,POINT (129.0345836 35.1019607),백산기념관.영화체험박물관
162,백양산 웰빙숲,35.1849064,129.0093018,POINT (129.0093018 35.1849064),운수사입구
163,백화양곱창,35.0969366,129.0270227,POINT (129.0270227 35.0969366),충무동해안시장
164,버거샵,35.164223,129.1576671,POINT (129.1576671 35.164223),아림비치맨션
165,버거인뉴욕,35.1609342,129.1646901,POINT (129.1646901 35.1609342),해운대온천사거리
166,범어사 성보박물관,35.283955,129.0685428,POINT (129.0685428 35.283955),범어사매표소
167,범어사 템플스테이,35.283955,129.0685428,POINT (129.0685428 35.283955),범어사매표소
168,범어사,35.283955,129.0685428,POINT (129.0685428 35.283955),범어사매표소
169,법륜사,35.2039973,129.0880372,POINT (129.0880372 35.2039973),동래시장
170,베르크로스터스,35.152619,129.0662938,POINT (129.0662938 35.152619),경남공고(전포역)
171,베리굿농장체험,35.3080303,129.1149962,POINT (129.1149962 35.3080303),대우아파트후문
172,벡스코(BEXCO),35.1679229,129.1356974,POINT (129.1356974 35.1679229),시립미술관(벡스코)
173,보람공원,35.088318,128.8435819,POINT (128.8435819 35.088318),보람공원
174,보수동책방골목문화축제,35.1064758,129.0263952,POINT (129.0263952 35.1064758),보수어린이집
175,복천박물관,35.2083599,129.0914505,POINT (129.0914505 35.2083599),복천박물관
176,본전돼지국밥,35.116595,129.0414111,POINT (129.0414111 35.116595),부산역.초량시장입구
177,봉래산,35.0819546,129.0552017,POINT (129.0552017 35.0819546),쌍용자동차학원
178,부산 가톨릭 특성화 거리,35.2448396,129.0978032,POINT (129.0978032 35.2448396),부산가톨릭대학교
179,부산 가톨릭센터,35.1042682,129.0285482,POINT (129.0285482 35.1042682),남해슈퍼
180,부산 감천문화마을,35.0978098,129.0092395,POINT (129.0092395 35.0978098),감정초등학교.감천문화마을
181,부산 강서문화원,35.2122,128.9804979,POINT (128.9804979 35.2122),강서구청역
182,동래복천동고분,35.2074338,129.0917907,POINT (129.0917907 35.2074338),복천박물관
183,부산 부평 족발 골목,35.0991985,129.0264478,POINT (129.0264478 35.0991985),충무동교차로
184,부산 송도해상케이블카,35.0762892,129.0234199,POINT (129.0234199 35.0762892),암남동주민센터
185,송도해수욕장,35.0754546,129.016761,POINT (129.016761 35.0754546),송도해수욕장
186,부산 스마트시티 전시관,35.1728897,129.1307199,POINT (129.1307199 35.1728897),시청자미디어센터
187,부산 아시아드주경기장,35.1896429,129.0569842,POINT (129.0569842 35.1896429),국가기록원.역사기록관
188,암남공원,35.0625049,129.0152358,POINT (129.0152358 35.0625049),모지포마을입구
189,에덴공원,35.1099114,128.9627544,POINT (128.9627544 35.1099114),에덴공원
190,부산 영화의 전당,35.1711778,129.1271956,POINT (129.1271956 35.1711778),영화의전당
191,올림픽동산,35.1650508,129.1347629,POINT (129.1347629 35.1650508),시립미술관(벡스코)
192,부산 자갈치 양곱창 골목,35.097234,129.0274542,POINT (129.0274542 35.097234),신동아시장
193,부산중앙공원,35.1164669,129.0277899,POINT (129.0277899 35.1164669),대청마루
194,초량 차이나타운,35.1145144,129.0380695,POINT (129.0380695 35.1145144),부산역
195,부산 치유의 숲,35.2667462,129.1263909,POINT (129.1263909 35.2667462),부산치유의 숲
196,부산 칠드런스 뮤지엄,35.2188193,129.2313695,POINT (129.2313695 35.2188193),연화리
197,부산 트릭아이뮤지엄,35.101702,129.0337655,POINT (129.0337655 35.101702),백산기념관.영화체험박물관
198,부산 해운대도서관,35.1779728,129.1688996,POINT (129.1688996 35.1779728),대림1차.양운고
199,부산고등어축제,35.0769252,129.0180734,POINT (129.0180734 35.0769252),송도교차로
200,부산공간화랑,35.1577232,129.1500962,POINT (129.1500962 35.1577232),동백섬
201,부산과학기술대학교 민속자료실,35.1947185,129.0041425,POINT (129.0041425 35.1947185),부산과학기술대학교
202,부산광안대교,35.1771641,129.1205683,POINT (129.1205683 35.1771641),센텀파크.부산은행
203,부산광역시 영도도서관,35.0753352,129.0660111,POINT (129.0660111 35.0753352),절영아파트
204,부산광역시립 부전도서관,35.1558256,129.0620476,POINT (129.0620476 35.1558256),부전도서관
205,부산광역시립 사하도서관,35.103086,128.991053,POINT (128.991053 35.103086),자유3차아파트
206,부산광역시립 중앙도서관,35.1099927,129.0270921,POINT (129.0270921 35.1099927),증앙도서관
207,부산국제록페스티벌,35.1770248,128.9776229,POINT (128.9776229 35.1770248),사상중앙병원
208,부산국제영화제,35.1711778,129.1271956,POINT (129.1271956 35.1711778),영화의전당
209,부산근대역사관,35.1026721,129.031176,POINT (129.031176 35.1026721),국제시장.부산근대역사관
210,부산남항,35.0920883,129.0373586,POINT (129.0373586 35.0920883),깡깡이예술마을
211,부산다이아몬드타워,35.1007009,129.0323127,POINT (129.0323127 35.1007009),국제시장.부산근대역사관
212,부산동명불원,35.1201235,129.1040898,POINT (129.1040898 35.1201235),동명불원
213,부산라벤더팜,35.2603167,129.1489009,POINT (129.1489009 35.2603167),대곡마을
214,부산롯데월드,35.2445494,129.2221542,POINT (129.2221542 35.2445494),기장군청
215,부산명물횟집,35.0971327,129.0312082,POINT (129.0312082 35.0971327),자갈치시장
216,부산민주공원,35.1100718,129.0280727,POINT (129.0280727 35.1100718),증앙도서관
217,부산바다축제,35.1896429,129.0569842,POINT (129.0569842 35.1896429),국가기록원.역사기록관
218,부산박물관,35.1295178,129.094151,POINT (129.094151 35.1295178),부산문화회관(박물관)
219,부산불꽃축제,35.1526648,129.118203,POINT (129.118203 35.1526648),광안리해수욕장
220,부산비엔날레,35.1092764,128.9427503,POINT (128.9427503 35.1092764),부산현대미술관
221,부산세관박물관,35.1045621,129.0385872,POINT (129.0385872 35.1045621),연안여객터미널
222,부산시립미술관,35.1650508,129.1347629,POINT (129.1347629 35.1650508),시립미술관(벡스코)
223,부산시민공원,35.1660271,129.057532,POINT (129.057532 35.1660271),부산시민공원남문
224,씨라이프 부산아쿠아리움,35.1592713,129.1610038,POINT (129.1610038 35.1592713),해운대해수욕장
225,부산어린이대공원,35.1829938,129.0463494,POINT (129.0463494 35.1829938),어린이대공원
226,부산어린이워터파크 키드키득파크,35.1892737,129.0410266,POINT (129.0410266 35.1892737),대진세탁소
227,삼진어묵체험역사관,35.0929647,129.042794,POINT (129.042794 35.0929647),봉래시장
228,부산어촌민속관,35.2335364,129.0088228,POINT (129.0088228 35.2335364),장미공원
229,부산엑스더스카이,35.1597189,129.1696769,POINT (129.1696769 35.1597189),미포.문탠로드입구
230,부산영화체험박물관,35.1007203,129.0341698,POINT (129.0341698 35.1007203),부산데파트
231,부산영화촬영스튜디오,35.160915,129.1405557,POINT (129.1405557 35.160915),요트경기장.경남마리나아파트
232,부산요트투어 3355마린,35.160915,129.1405557,POINT (129.1405557 35.160915),요트경기장.경남마리나아파트
233,부산원도심골목길축제,35.1007009,129.0323127,POINT (129.0323127 35.1007009),국제시장.부산근대역사관
234,부산원아시아페스티벌(BOF),35.1899786,129.0582686,POINT (129.0582686 35.1899786),부산의료원
235,부산자갈치축제,35.0966394,129.0305933,POINT (129.0305933 35.0966394),신동아시장
236,부산자연곤충마을,35.2216282,128.9454039,POINT (128.9454039 35.2216282),대사리3구
237,부산자유회관(부산통일관),35.1822629,129.0457142,POINT (129.0457142 35.1822629),어린이대공원
238,부산점자도서관,35.1781075,128.9898274,POINT (128.9898274 35.1781075),사상도서관
239,부산진성공원,35.1360296,129.0613943,POINT (129.0613943 35.1360296),자성대
240,부산진일신여학교,35.1348219,129.0529022,POINT (129.0529022 35.1348219),금성고등학교
241,부산차량융합기술단(부산철도차량정비단),35.159513,129.0419293,POINT (129.0419293 35.159513),당감1치안센터
242,부산푸드필름페스타,35.1618686,129.1587994,POINT (129.1587994 35.1618686),해운대도시철도역
243,부산항 힐링야영장,35.11493,129.0453984,POINT (129.0453984 35.11493),부산역후문
244,부산항축제,35.0783256,129.0798565,POINT (129.0798565 35.0783256),국립해양박물관
245,부산해양자연사박물관,35.2219498,129.0756469,POINT (129.0756469 35.2219498),해양자연사박물관
246,부산현대미술관,35.1092764,128.9427503,POINT (128.9427503 35.1092764),부산현대미술관
247,북맛골,35.2370218,129.0831233,POINT (129.0831233 35.2370218),부산대제2도서관
248,브라운핸즈 백제,35.1163493,129.039158,POINT (129.039158 35.1163493),부산역
249,브릭캠퍼스 부산,35.1920492,129.2154602,POINT (129.2154602 35.1920492),동부산관광단지
250,블랙업커피,35.156058,129.0600014,POINT (129.0600014 35.156058),서면역.서면지하상가
251,비비비당,35.1624833,129.1850753,POINT (129.1850753 35.1624833),동해사
252,비석문화마을,35.0997958,129.0125588,POINT (129.0125588 35.0997958),산상교회.비석문화마을
253,사까에,35.1601338,129.1646875,POINT (129.1646875 35.1601338),파라다이스호텔
254,사상강변축제,35.1963367,128.9842505,POINT (128.9842505 35.1963367),삼락동
255,사상근린공원,35.1522143,128.9766915,POINT (128.9766915 35.1522143),낙동대교입구
256,산복도로,35.1145501,129.0330424,POINT (129.0330424 35.1145501),영주삼거리
257,삼광사,35.1754288,129.0433882,POINT (129.0433882 35.1754288),삼광사
258,삼광사연등축제,35.1754288,129.0433882,POINT (129.0433882 35.1754288),삼광사
259,삼락벚꽃축제,35.1688207,128.9764729,POINT (128.9764729 35.1688207),삼락생태공원
260,삼락생태공원,35.1687484,128.9735403,POINT (128.9735403 35.1687484),삼락생태공원
261,삼락생태공원오토캠핑장,35.1688207,128.9764729,POINT (128.9764729 35.1688207),삼락생태공원
262,삼락수상레포츠타운,35.1694172,128.965698,POINT (128.965698 35.1694172),동방
263,삼익비치수변공원,35.1456754,129.1134193,POINT (129.1134193 35.1456754),광남초등학교
264,삼진어묵체험·역사관,35.0929647,129.042794,POINT (129.042794 35.0929647),봉래시장
265,상국이네,35.1619919,129.1629534,POINT (129.1629534 35.1619919),해운대시장
266,서면1번가,35.1535608,129.0582888,POINT (129.0582888 35.1535608),서면1번가
267,서면메디컬스트리트축제,35.1542841,129.0573158,POINT (129.0573158 35.1542841),서면1번가
268,서면미술관,35.1540272,129.062776,POINT (129.062776 35.1540272),부전도서관
269,서프마린,35.1433894,129.1103248,POINT (129.1103248 35.1433894),수영세무서
270,선암사,35.176937,129.0277633,POINT (129.0277633 35.176937),선암사입구
271,성암사,35.1456257,129.0798654,POINT (129.0798654 35.1456257),문현현대아파트
272,성지곡수원지,35.1858587,129.0420056,POINT (129.0420056 35.1858587),대림아파트
273,센텀 APEC나루공원,35.1896763,129.1209212,POINT (129.1209212 35.1896763),동해선재송역
274,센텀시티 아이스링크,35.1687032,129.1297466,POINT (129.1297466 35.1687032),센텀시티
275,소두방공원,35.3279169,129.1817747,POINT (129.1817747 35.3279169),정관박물관
276,소름요,35.2434287,129.2416312,POINT (129.2416312 35.2434287),기장실버타운
277,소문난 주문진 막국수,35.195948,129.0595761,POINT (129.0595761 35.195948),사직야구장
278,속씨원한대구탕 해운대본점,35.1588219,129.170621,POINT (129.170621 35.1588219),미포.문탠로드입구
279,송도 구름산책로(스카이워크),35.0753572,129.0223137,POINT (129.0223137 35.0753572),신익아파트
280,송도용궁구름다리,35.0642894,129.0138732,POINT (129.0138732 35.0642894),모지포마을
281,송도해안볼레길,35.06731,129.0176327,POINT (129.0176327 35.06731),휴게소
282,송상현광장,35.1651436,129.0669205,POINT (129.0669205 35.1651436),천지탕
283,송정 죽도공원,35.1797209,129.2058301,POINT (129.2058301 35.1797209),송정해수욕장
284,송정3대국밥,35.1555686,129.0585562,POINT (129.0585562 35.1555686),서면역.서면지하상가
285,송정서핑학교,35.1798085,129.2003641,POINT (129.2003641 35.1798085),광어골입구
286,송정역,35.1810537,129.2004153,POINT (129.2004153 35.1810537),송정1단지주공
287,송정집,35.1761715,129.1963552,POINT (129.1963552 35.1761715),KT송정타워
288,송정해수욕장,35.1786125,129.1997133,POINT (129.1997133 35.1786125),광어골입구
289,수국꽃문화축제,35.0560546,129.0889113,POINT (129.0889113 35.0560546),차고지
290,수리조선소길,35.0923594,129.0334742,POINT (129.0334742 35.0923594),대평동
291,수미르공원,35.1006692,129.0383469,POINT (129.0383469 35.1006692),부산항만공사
292,수민이네,35.1606204,129.1910269,POINT (129.1910269 35.1606204),슈퍼앞
293,수변최고돼지국밥 민락본점,35.1567627,129.134279,POINT (129.134279 35.1567627),롯데캐슬아파트
294,수산과학관,35.1922021,129.2232732,POINT (129.2232732 35.1922021),수산과학관 해동용궁사
295,수영 돼지국밥,35.1617501,129.1144528,POINT (129.1144528 35.1617501),수영구보건소
296,수영강상설카약체험장,35.166017,129.1235985,POINT (129.1235985 35.166017),수영현대아파트.민락역
297,수영만 요트경기장,35.160915,129.1405557,POINT (129.1405557 35.160915),요트경기장.경남마리나아파트
298,수영민속예술관,35.1710871,129.1139105,POINT (129.1139105 35.1710871),해운아파트
299,수영사적공원,35.1710871,129.1139105,POINT (129.1139105 35.1710871),해운아파트
300,쉑쉑버거 서면점,35.1529425,129.0595638,POINT (129.0595638 35.1529425),서면한전
301,스시미르네 본점,35.171294,129.1767824,POINT (129.1767824 35.171294),NC백화점.장산역
302,스카이라인루지,35.1943634,129.2202453,POINT (129.2202453 35.1943634),용궁사.국립수산과학원
303,스타벅스 광안비치점,35.1530686,129.1177169,POINT (129.1177169 35.1530686),광안리해수욕장
304,스파랜드 센텀시티,35.1687032,129.1297466,POINT (129.1297466 35.1687032),센텀시티
305,스포원파크,35.2913418,129.1053512,POINT (129.1053512 35.2913418),스포원파크
306,스포원파크 경륜장,35.2906193,129.1051094,POINT (129.1051094 35.2906193),금정체육공원
307,승학산,35.1317807,128.9853735,POINT (128.9853735 35.1317807),대림아파트
308,식당3선 센텀점,35.1795857,129.1703582,POINT (129.1703582 35.1795857),대림1차아파트
309,신발원,35.1148125,129.0387238,POINT (129.0387238 35.1148125),부산역
310,신선대,35.1094524,129.0978349,POINT (129.0978349 35.1094524),신선대CNG충전소
311,신세계 센텀시티,35.1788264,129.1248781,POINT (129.1248781 35.1788264),동해선센텀역
312,신평소공원,35.2940485,129.2602898,POINT (129.2602898 35.2940485),신평
313,신호공원,35.0822862,128.8709202,POINT (128.8709202 35.0822862),강서평생학습관
314,쌍둥이 돼지국밥,35.1317717,129.0924004,POINT (129.0924004 35.1317717),산성교회문화관
315,아난티코브 야외공연장,35.2188193,129.2313695,POINT (129.2313695 35.2188193),연화리
316,아미르공원,35.0744236,129.069341,POINT (129.069341 35.0744236),절영로사거리
317,아미산 전망대,35.0527681,128.9607646,POINT (128.9607646 35.0527681),몰운대아파트
318,아홉산숲,35.2871145,129.1715058,POINT (129.1715058 35.2871145),미동마을
319,안데르센 동화마을,35.3584529,129.2455484,POINT (129.2455484 35.3584529),하장안
320,안심치유정원,35.2898417,129.1101998,POINT (129.1101998 35.2898417),임석
321,안적사,35.2141739,129.1699038,POINT (129.1699038 35.2141739),경찰특공대입구
322,알천순대곱창전골전문점 본점,35.1385421,129.1047258,POINT (129.1047258 35.1385421),대연힐스테이트푸르지오정문
323,약수암,35.17823,128.9965401,POINT (128.9965401 35.17823),307동 308동
324,어느멋진날,35.2613547,129.2332416,POINT (129.2332416 35.2613547),선우아파트
325,어밤부,35.1737141,129.196609,POINT (129.196609 35.1737141),광어골
326,언양불고기부산집,35.1487203,129.1142959,POINT (129.1142959 35.1487203),광일맨션
327,엄용백 돼지국밥,35.1662627,129.1172662,POINT (129.1172662 35.1662627),민락아파트
328,에테르,35.0750001,129.0424185,POINT (129.0424185 35.0750001),영선아파트
329,역사의 디오라마,35.1117279,129.0312665,POINT (129.0312665 35.1117279),금호아파트
330,영도 등대,35.0523754,129.092199,POINT (129.092199 35.0523754),차고지
331,영도 조내기 고구마 역사기념관,35.0855809,129.0577029,POINT (129.0577029 35.0855809),쌍용자동차학원
332,영도 청학배수지 전망대,35.0883701,129.0600724,POINT (129.0600724 35.0883701),롯데낙천대
333,영도 하늘전망대,35.0739797,129.0541222,POINT (129.0541222 35.0739797),함지골수련원
334,영도 흰여울해안터널,35.0779066,129.0453305,POINT (129.0453305 35.0779066),영선아파트
335,영도관광사격장,35.0739797,129.0541222,POINT (129.0541222 35.0739797),함지골수련원
336,영도다리축제,35.0807489,129.0791699,POINT (129.0791699 35.0807489),국제크루즈터미널입구
337,영도마리나오토캠핑장,35.0999374,129.0599973,POINT (129.0599973 35.0999374),부산조선
338,영도커피페스티벌,35.0807489,129.0791699,POINT (129.0791699 35.0807489),국제크루즈터미널입구
339,영주하늘눈전망대,35.1145696,129.0306501,POINT (129.0306501 35.1145696),중앙공원.민주공원입구
340,영진돼지국밥,35.0966354,128.9578812,POINT (128.9578812 35.0966354),신평역
341,옛백제병원,35.1163493,129.039158,POINT (129.039158 35.1163493),부산역
342,오륙도 등대,35.0911824,129.1268428,POINT (129.1268428 35.0911824),오륙도선착장
343,오륙도 스카이워크,35.1004601,129.1194239,POINT (129.1194239 35.1004601),오륙도SK뷰정문
344,오륙도해맞이공원,35.1155121,129.115598,POINT (129.115598 35.1155121),용호동경동아파트
345,오륜대 한국순교자박물관,35.246003,129.1011063,POINT (129.1011063 35.246003),오륜대순교자성지.박물관
346,오륜대전망대,35.2482736,129.1132171,POINT (129.1132171 35.2482736),임지아뜰리에.복자수녀원
347,오시리아 해안산책로,35.1964237,129.2284464,POINT (129.2284464 35.1964237),아난티코브(힐튼부산)
348,옥련선원,35.1613667,129.1265806,POINT (129.1265806 35.1613667),MBC방송국
349,옥정사,35.3112896,129.2223442,POINT (129.2223442 35.3112896),광산입구
350,옥천사세탁,35.1569966,129.0660327,POINT (129.0660327 35.1569966),전포사거리
351,온천천시민공원,35.1816156,129.0882418,POINT (129.0882418 35.1816156),수녀원
352,옵스,35.1627911,129.1628989,POINT (129.1628989 35.1627911),해운대시장
353,외양포항,35.0051702,128.8240511,POINT (128.8240511 35.0051702),대항방파제
354,요산문학관,35.2722691,129.0858235,POINT (129.0858235 35.2722691),남산동.요산문학관
355,요트탈래,35.1560938,129.1520503,POINT (129.1520503 35.1560938),동백섬
356,자갈치 시장,35.0966394,129.0305933,POINT (129.0305933 35.0966394),신동아시장
357,용두산공원,35.1006536,129.0326226,POINT (129.0326226 35.1006536),백산기념관.영화체험박물관
358,용소웰빙공원,35.2463015,129.204155,POINT (129.204155 35.2463015),이진아파트
359,용호동일대(낚시터),35.1155121,129.115598,POINT (129.115598 35.1155121),용호동경동아파트
360,용호별빛공원,35.1321428,129.1200872,POINT (129.1200872 35.1321428),분포고등학교
361,우마이도,35.2301424,129.0844358,POINT (129.0844358 35.2301424),금정등기소
362,우암동 도시 숲,35.1273176,129.0741691,POINT (129.0741691 35.1273176),목화그린빌라
363,우장춘기념관,35.2135153,129.0720353,POINT (129.0720353 35.2135153),우장춘기념관
364,운수사,35.1842751,129.013442,POINT (129.013442 35.1842751),운수사입구
365,울림공원,35.1015616,128.926792,POINT (128.926792 35.1015616),동리
366,원조부산족발,35.0995844,129.0266567,POINT (129.0266567 35.0995844),충무동교차로
367,월전장어구이촌,35.238079,129.2441897,POINT (129.2441897 35.238079),월전활어판매장
368,월전항방파제,35.2383088,129.2451611,POINT (129.2451611 35.2383088),월전활어판매장
369,웨이브온커피,35.3222464,129.2695705,POINT (129.2695705 35.3222464),기장문화예절학교
370,유엔평화기념관,35.1238395,129.0923986,POINT (129.0923986 35.1238395),유엔평화기념관.일제강제동원역사관
371,유치환 우체통 전망대,35.1220592,129.0342041,POINT (129.0342041 35.1220592),부산컴퓨터과학고교
372,은진사,35.3357132,129.2777865,POINT (129.2777865 35.3357132),금관빌라드앞
373,을숙도공원,35.1120046,128.9473498,POINT (128.9473498 35.1120046),을숙도
374,이가네 떡볶이,35.1015312,129.0260405,POINT (129.0260405 35.1015312),부평시장
375,이기대 섭자리,35.1318453,129.1211447,POINT (129.1211447 35.1318453),분포고등학교
376,이동항,35.2726135,129.2462893,POINT (129.2462893 35.2726135),이동방파제
377,이바구공작소,35.1171544,129.0336556,POINT (129.0336556 35.1171544),동일파크맨션
378,이재모피자,35.1021046,129.0305985,POINT (129.0305985 35.1021046),국제시장.부산근대역사관
379,이중섭거리,35.1394197,129.0560616,POINT (129.0560616 35.1394197),한성기린아파트
380,일광해수욕장,35.2597783,129.2339709,POINT (129.2339709 35.2597783),학리분교
381,임랑카라반파크,35.3091686,129.2594192,POINT (129.2594192 35.3091686),새끝
382,임랑해수욕장,35.3184861,129.2643145,POINT (129.2643145 35.3184861),임랑마을
383,임시수도기념관,35.1034532,129.0174521,POINT (129.0174521 35.1034532),부민e편한세상아파트
384,자매국밥,35.1582993,129.1256986,POINT (129.1256986 35.1582993),민락동차고지
385,장림포구 부네치아,35.079368,128.9515836,POINT (128.9515836 35.079368),도시가스
386,장미원,35.2333572,129.0098884,POINT (129.0098884 35.2333572),장미공원
387,장안사,35.3745942,129.2329263,POINT (129.2329263 35.3745942),상장안
388,장안사계곡,35.3730001,129.2324419,POINT (129.2324419 35.3730001),상장안
389,장안캠프,35.3420668,129.253249,POINT (129.253249 35.3420668),동부산관광호텔
390,재난안전체험관,35.2913418,129.1053512,POINT (129.1053512 35.2913418),스포원파크
391,재한유엔기념공원 (UN기념공원),35.1277489,129.0956469,POINT (129.0956469 35.1277489),UN기념공원
392,전포카페거리,35.1561824,129.063288,POINT (129.063288 35.1561824),부전도서관
393,전포커피축제,35.1561824,129.063288,POINT (129.063288 35.1561824),부전도서관
394,절영해안산책로,35.0732314,129.0514013,POINT (129.0514013 35.0732314),함지골수련원
395,정관박물관,35.3279169,129.1817747,POINT (129.1817747 35.3279169),정관박물관
396,정관생태하천학습문화축제,35.3169318,129.1661425,POINT (129.1661425 35.3169318),아세아자동차전문
397,정란각/문화공감수정,35.1256395,129.042676,POINT (129.042676 35.1256395),경남여중
398,정인갤러리,35.0994819,129.0361624,POINT (129.0361624 35.0994819),연안여객터미널
399,젖병등대,35.2138037,129.2236064,POINT (129.2236064 35.2138037),연서교회
400,제이스글램핑,35.2772827,129.2341337,POINT (129.2341337 35.2772827),화전교차로
401,젠스시,35.1708063,129.1714865,POINT (129.1714865 35.1708063),코오롱아파트
402,조방해수탕,35.1418595,129.0626584,POINT (129.0626584 35.1418595),국밥골목
403,조선통신사역사관,35.1360296,129.0613943,POINT (129.0613943 35.1360296),자성대
404,조선통신사축제,35.1360296,129.0613943,POINT (129.0613943 35.1360296),자성대
405,좌수영성지,35.1709344,129.113835,POINT (129.113835 35.1709344),해운아파트
406,죽성성당,35.2411292,129.2478696,POINT (129.2478696 35.2411292),죽성드림세트장
407,죽성항/황학대,35.242349,129.2468819,POINT (129.2468819 35.242349),두호해녀복지회관
408,중앙공원,35.3205744,129.1807934,POINT (129.1807934 35.3205744),구연동
409,중앙해수랜드,35.1256135,129.1106458,POINT (129.1106458 35.1256135),용문중학교
410,지오클럽카라반파크,35.2578838,129.2351956,POINT (129.2351956 35.2578838),학리분교
411,차성문화제,35.2726245,129.1551824,POINT (129.1551824 35.2726245),구림마을
412,차이나타운특구 문화축제,35.1145144,129.0380695,POINT (129.0380695 35.1145144),부산역
413,창비부산,35.1163493,129.039158,POINT (129.039158 35.1163493),부산역
414,천마산하늘전망대,35.09358,129.0173755,POINT (129.0173755 35.09358),초장동
415,천성항 방파제등대,35.0301801,128.810662,POINT (128.810662 35.0301801),옛천성분교
416,청사포,35.1603874,129.1923456,POINT (129.1923456 35.1603874),청사포
417,청사포 다릿돌전망대,35.1625451,129.1899803,POINT (129.1899803 35.1625451),청사포입구
418,청학 수변공원,35.0976585,129.0611556,POINT (129.0611556 35.0976585),대선조선
419,초량 이바구길,35.1161385,129.0361922,POINT (129.0361922 35.1161385),초량지구대
420,초량1941,35.1198181,129.0295116,POINT (129.0295116 35.1198181),금수사
421,초량교회,35.1170003,129.0368197,POINT (129.0368197 35.1170003),초량지구대
422,초량밀면,35.117359,129.040609,POINT (129.040609 35.117359),부산역.초량시장입구
423,초원숲속글램핑,35.3439075,129.1919812,POINT (129.1919812 35.3439075),가동마을
424,최뼈다구해장국,35.1628712,128.986959,POINT (128.986959 35.1628712),서부시외버스터미널.사상역
425,추리문학관,35.1616811,129.1833273,POINT (129.1833273 35.1616811),추리문학관
426,춘하추동밀면,35.1614729,129.0555363,POINT (129.0555363 35.1614729),부전시장
427,충렬사,35.2007382,129.096243,POINT (129.096243 35.2007382),충렬사후문
428,친환경 스카이웨이 전망대(이바구길),35.1203301,129.0319525,POINT (129.0319525 35.1203301),초량어린이집
429,칠암사계,35.2990988,129.2591565,POINT (129.2591565 35.2990988),칠암
430,칠암항,35.2996125,129.262656,POINT (129.262656 35.2996125),칠암
431,카가와식당,35.1625109,129.1559085,POINT (129.1559085 35.1625109),신동아아파트
432,카운트다운&해맞이축제,35.1586283,129.1590673,POINT (129.1590673 35.1586283),해운대해수욕장
433,칸다소바,35.158157,129.0621031,POINT (129.0621031 35.158157),서면교차로
434,캐니언파크 부산,35.1422239,129.0672816,POINT (129.0672816 35.1422239),문현2동부산은행
435,캐비네 드 쁘아쏭,35.2188193,129.2313695,POINT (129.2313695 35.2188193),연화리
436,커피어웨이크,35.2298488,129.0838134,POINT (129.0838134 35.2298488),금정등기소
437,코하루,35.2319857,129.0874572,POINT (129.0874572 35.2319857),부산대학교정문
438,크리스마스트리문화축제,35.0990683,129.031487,POINT (129.031487 35.0990683),남포동
439,키자니아 부산,35.1788264,129.1248781,POINT (129.1248781 35.1788264),동해선센텀역
440,킴스아트필드미술관,35.2523668,129.0541277,POINT (129.0541277 35.2523668),포구나무집
441,탐복,35.2828408,129.2576428,POINT (129.2576428 35.2828408),온정
442,태종대 전망대,35.0597259,129.0798403,POINT (129.0798403 35.0597259),차고지
443,태종대스쿠버다이빙,35.0618129,129.0764693,POINT (129.0764693 35.0618129),태종대.태종대온천
444,태종대온천찜질방,35.0645327,129.0799847,POINT (129.0799847 35.0645327),태종대초등학교
445,태종대일대(낚시터),35.0597259,129.0798403,POINT (129.0798403 35.0597259),차고지
446,태종사,35.0560546,129.0889113,POINT (129.0889113 35.0560546),차고지
447,테라로사 수영점,35.1769907,129.1154605,POINT (129.1154605 35.1769907),고려제강
448,톤쇼우 광안점,35.1564409,129.1248005,POINT (129.1248005 35.1564409),민락동차고지
449,통일아시아드공원,35.0556365,128.9674986,POINT (128.9674986 35.0556365),롯데캐슬215동
450,팬스타부산주말원나잇크루즈,35.1211974,129.0487401,POINT (129.0487401 35.1211974),4부두
451,평화공원,35.1255561,129.0974794,POINT (129.0974794 35.1255561),용당동갓골
452,포항돼지국밥,35.1557957,129.0585624,POINT (129.0585624 35.1557957),서면역.서면지하상가
453,풍원장미역국정찬 마린시티점,35.1541353,129.1463339,POINT (129.1463339 35.1541353),한화리조트
454,피아크 P.ARK,35.0896524,129.073661,POINT (129.073661 35.0896524),송강중공업
455,핑거스앤챗,35.1560938,129.1520503,POINT (129.1520503 35.1560938),동백섬
456,하리선착장,35.0709062,129.0813072,POINT (129.0813072 35.0709062),해양대입구
457,한광미술관,35.1089834,129.0374377,POINT (129.0374377 35.1089834),영주동
458,한국기독교선교박물관,35.2015168,129.0826989,POINT (129.0826989 35.2015168),수안역.동래교차로
459,한국신발관,35.1573104,129.0258261,POINT (129.0258261 35.1573104),한국신발관
460,한월식당,35.0965243,129.0282305,POINT (129.0282305 35.0965243),신동아시장
461,할매 가야밀면,35.0989316,129.0312451,POINT (129.0312451 35.0989316),남포동
462,할매재첩국 부산본점,35.1518667,129.1163867,POINT (129.1163867 35.1518667),서호병원
463,할매집,35.1635505,129.1663683,POINT (129.1663683 35.1635505),중1동
464,합천일류돼지국밥,35.1619895,128.9803153,POINT (128.9803153 35.1619895),파라곤호텔
465,해광사,35.2057008,129.2255984,POINT (129.2255984 35.2057008),해광사
466,해동용궁사,35.1883491,129.2233197,POINT (129.2233197 35.1883491),수산과학관 해동용궁사
467,해동성취사,35.2812022,129.2544188,POINT (129.2544188 35.2812022),온정
468,해리단길,35.164921,129.157531,POINT (129.157531 35.164921),아림비치맨션
469,해목,35.1617421,129.1597712,POINT (129.1597712 35.1617421),해운대도시철도역
470,해물왕창칼국수,35.1726889,128.983781,POINT (128.983781 35.1726889),덕포시장.덕포역
471,해성막창집 본점,35.163905,129.1632924,POINT (129.1632924 35.163905),해운대구청
472,해성막창집 센텀점,35.1757062,129.1273075,POINT (129.1273075 35.1757062),세종텔레콤
473,해안누리길 몰운대길,35.0499677,128.9614103,POINT (128.9614103 35.0499677),다대문화체육센터
474,해양스포츠교실,35.0611065,129.077245,POINT (129.077245 35.0611065),태종대.태종대온천
475,해양환경공단 해양환경교육원(부산),35.0807489,129.0791699,POINT (129.0791699 35.0807489),국제크루즈터미널입구
476,해운대 가야밀면,35.1688521,129.1663464,POINT (129.1663464 35.1688521),중동역.순복음교회
477,그린레일웨이,35.1714481,129.1970787,POINT (129.1970787 35.1714481),광어골
478,달맞이길,35.1563753,129.1802633,POINT (129.1802633 35.1563753),해월정입구.힐사이드슈퍼
479,해운대 동백섬,35.1559601,129.1539819,POINT (129.1539819 35.1559601),동백섬입구
480,해운대 블루라인파크,35.1625451,129.1899803,POINT (129.1899803 35.1625451),청사포입구
481,해운대기와집대구탕,35.1581274,129.1745688,POINT (129.1745688 35.1581274),일신하일라빌라.경동메르빌골드
482,해운대리버크루즈,35.1896763,129.1209212,POINT (129.1209212 35.1896763),동해선재송역
483,해운대모래축제,35.1586283,129.1590673,POINT (129.1590673 35.1586283),해운대해수욕장
484,해운대밀면,35.1634503,129.1656788,POINT (129.1656788 35.1634503),해운대구청
485,해운대북극곰축제,35.1588322,129.159799,POINT (129.159799 35.1588322),해운대해수욕장
486,해운대빛축제,35.1595299,129.1624234,POINT (129.1624234 35.1595299),노보텔
487,해운대수목원,35.2297427,129.1344469,POINT (129.1344469 35.2297427),해운대수목원
488,해운대암소갈비집,35.1632154,129.1663955,POINT (129.1663955 35.1632154),중1동
489,해운대온천센터,35.1633954,129.1645474,POINT (129.1645474 35.1633954),해운대구청
490,해운대일대(낚시터),35.1591167,129.1603013,POINT (129.1603013 35.1591167),해운대해수욕장
491,해운대초량밀면 해운대점,35.1620835,129.1597925,POINT (129.1597925 35.1620835),해운대도시철도역
492,해운대해수욕장,35.1586975,129.1603842,POINT (129.1603842 35.1586975),해운대해수욕장
493,해운대해양레저축제,35.1783633,129.1990386,POINT (129.1990386 35.1783633),광어골입구
494,해월정,35.1576828,129.1821038,POINT (129.1821038 35.1576828),달맞이요양병원
495,해파랑길 1코스,35.1004601,129.1194239,POINT (129.1194239 35.1004601),오륙도SK뷰정문
496,해파랑길 2코스,35.1584212,129.1706635,POINT (129.1706635 35.1584212),미포.문탠로드입구
497,허브랑야생화,35.2542038,129.0518188,POINT (129.0518188 35.2542038),포구나무집
498,헤이든,35.2825118,129.2566836,POINT (129.2566836 35.2825118),온정
499,현대모터스튜디오 부산,35.1769907,129.1154605,POINT (129.1154605 35.1769907),고려제강
500,혜원정사,35.1838837,129.0908696,POINT (129.0908696 35.1838837),연산중학교
501,호천마을,35.1442926,129.0511564,POINT (129.0511564 35.1442926),호천마을입구
502,홍연폭포,35.2969827,129.1665818,POINT (129.1665818 35.2969827),소산마을
503,화명생태공원,35.2266865,129.0035081,POINT (129.0035081 35.2266865),한국방송통신대
504,화명자전거교육체험장,35.2321044,129.0055894,POINT (129.0055894 35.2321044),북부경찰서
505,화명수목원,35.2510047,129.0427975,POINT (129.0427975 35.2510047),화명수목원
506,화명수상레포츠타운,35.2195671,128.9990818,POINT (128.9990818 35.2195671),성훈강변아파트
507,화명오토캠핑장,35.21663,128.99918,POINT (128.99918 35.21663),구룡사
508,화전공원,35.105176,128.8779201,POINT (128.8779201 35.105176),우리은행화전공단지점
509,황령산 전망대,35.1580572,129.0822526,POINT (129.0822526 35.1580572),청구아파트
510,황령산,35.1571056,129.0820778,POINT (129.0820778 35.1571056),청구아파트
511,회동수원지,35.2437136,129.1204322,POINT (129.1204322 35.2437136),오륜본동마을
512,회동수원지 둘레길,35.2251511,129.1167009,POINT (129.1167009 35.2251511),부산예원고등학교
513,흰여울문화마을,35.0772858,129.046452,POINT (129.046452 35.0772858),영선아파트
514,히떼로스터리,35.155756,129.0682182,POINT (129.0682182 35.155756),부산진여자중학교
515,가덕도 외양포 포진지,35.0061867,128.8249547,POINT (128.8249547 35.0061867),대항방파제
516,감천항,35.0833707,128.9982069,POINT (128.9982069 35.0833707),감천항해양파출소
517,금정산 (금정산성 동문),35.2830419,129.0554739,POINT (129.0554739 35.2830419),범어사주차장
518,낙동강하구,35.1070944,128.9525113,POINT (128.9525113 35.1070944),을숙도문화회관
519,다대수영장,35.0556365,128.9674986,POINT (128.9674986 35.0556365),롯데캐슬215동
520,두도,35.0532528,129.0143116,POINT (129.0143116 35.0532528),수산가공선진화단지
521,두송반도,35.0444118,128.9985684,POINT (128.9985684 35.0444118),구평방파제 종점
522,몰운대,35.0387815,128.968995,POINT (128.968995 35.0387815),다대포해수욕장역
523,백양산,35.1832688,129.0264852,POINT (129.0264852 35.1832688),은하수공원
524,송도반도,35.0699873,129.0195798,POINT (129.0195798 35.0699873),현대아파트
525,오륙도,35.0937934,129.1264236,POINT (129.1264236 35.0937934),오륙도선착장
526,이기대 해안산책로,35.1321917,129.1206464,POINT (129.1206464 35.1321917),분포고등학교
527,장산,35.1944152,129.1446902,POINT (129.1446902 35.1944152),세명그린아파트
528,태종대,35.05307,129.0872,POINT (129.0872 35.05307),차고지
529,학리방파제,35.2598832,129.2477351,POINT (129.2477351 35.2598832),학리
