,travel_spot_name,ts_long,ts_lat,geometry,travel_parking
0,서면1번가,129.0582864,35.15357586,POINT (129.0582864 35.15357586),경남공고 뒤
1,재난안전체험관,129.105109,35.29182234,POINT (129.105109 35.29182234),스포원 주차장(동측)
2,광안리해수욕장,129.1184922,35.15379084,POINT (129.1184922 35.15379084),광안리해수욕장 공영주차장
3,송정해수욕장,129.1996401,35.17871177,POINT (129.1996401 35.17871177),송정주차장
4,해운대해수욕장,129.1603079,35.15912435,POINT (129.1603079 35.15912435),신일주차장
5,오륙도,129.1269487,35.09204235,POINT (129.1269487 35.09204235),용호부두 공영주차장
6,일광해수욕장,129.2336848,35.25996997,POINT (129.2336848 35.25996997),일광해수욕장노상공영주차장
7,해운대온천센터,129.1645769,35.16344061,POINT (129.1645769 35.16344061),GS타임즈 해운대 제3
8,부산어린이대공원,129.0426785,35.18725791,POINT (129.0426785 35.18725791),유원오피스텔 뒤
9,부산 에덴공원,128.9632292,35.10923463,POINT (128.9632292 35.10923463),엄궁외식1번가주변
10,용두산공원,129.0326928,35.10048411,POINT (129.0326928 35.10048411),봉래동물양장
11,부산 송도해수욕장,129.0164588,35.07392567,POINT (129.0164588 35.07392567),남항방파제
12,범어사(부산),129.0681264,35.28399754,POINT (129.0681264 35.28399754),선동공영주차장
13,부산동명불원,129.1040278,35.119175,POINT (129.1040278 35.119175),용호부두 공영주차장
14,충렬사,129.0966207,35.19906869,POINT (129.0966207 35.19906869),동래시장공영주차장
15,UN기념공원,129.0953116,35.1277711,POINT (129.0953116 35.1277711),남천1동 공영주차장
16,금정산성,129.0559837,35.25878903,POINT (129.0559837 35.25878903),선동공영주차장
17,태종대,129.0850811,35.05828424,POINT (129.0850811 35.05828424),태종대유원지부설주차장
18,해운대 달맞이길,129.1825699,35.15771936,POINT (129.1825699 35.15771936),해월정 달맞이길 공영
19,민락수변공원,129.1331271,35.15463824,POINT (129.1331271 35.15463824),민락수변공원 공영주차장
20,25의용단,129.1138921,35.17194983,POINT (129.1138921 35.17194983),망미동노외공영주차장
21,부산진성공원,129.0611255,35.13590845,POINT (129.0611255 35.13590845),범일2동-업무지-5구간
22,광복로문화패션거리,129.0312902,35.09910368,POINT (129.0312902 35.09910368),봉래동물양장
23,수미르공원,129.0381562,35.10200071,POINT (129.0381562 35.10200071),봉래동물양장
24,삼광사,129.0434426,35.17593142,POINT (129.0434426 35.17593142),유원오피스텔 뒤
25,부산차이나타운,129.0385614,35.11343277,POINT (129.0385614 35.11343277),동구공영주차빌딩
26,허심청,129.0826824,35.22113541,POINT (129.0826824 35.22113541),금강공원공영주차장
27,금강공원,129.076233,35.21901053,POINT (129.076233 35.21901053),금강공원공영주차장
28,BIFF 광장,129.0292126,35.09885089,POINT (129.0292126 35.09885089),봉래동물양장
29,부산다이아몬드타워,129.03264,35.10127013,POINT (129.03264 35.10127013),봉래동물양장
30,수영사적공원,129.1145032,35.17069443,POINT (129.1145032 35.17069443),망미동노외공영주차장
31,대천천,129.0278977,35.24379019,POINT (129.0278977 35.24379019),금강공원공영주차장
32,을숙도 공원,128.9353792,35.09379418,POINT (128.9353792 35.09379418),엄궁외식1번가주변
33,광안리해변 테마거리,129.1221363,35.15516575,POINT (129.1221363 35.15516575),민락해변공원 공영주차장
34,스포원파크,129.1070701,35.28916157,POINT (129.1070701 35.28916157),스포원 주차장(동측)
35,선암사(부산),129.0275329,35.1768588,POINT (129.0275329 35.1768588),가야중복도로
36,옥련선원,129.1266024,35.16137903,POINT (129.1266024 35.16137903),민락매립지 공영주차장
37,부산광안대교,129.1270084,35.14499476,POINT (129.1270084 35.14499476),민락해변공원 공영주차장
38,황령산,129.0827286,35.15793416,POINT (129.0827286 35.15793416),황금로 공영주차장
39,대항 어촌체험 휴양마을,128.8276908,35.01172084,POINT (128.8276908 35.01172084),대항공영 주차장
40,40계단 문화관광테마거리,129.0354119,35.10406987,POINT (129.0354119 35.10406987),초량1동업무지
41,동백공원,129.1521171,35.15390811,POINT (129.1521171 35.15390811),신일주차장
42,부산 올림픽동산,129.133174,35.16446214,POINT (129.133174 35.16446214),민락수변공원 공영주차장
43,부산 암남공원,129.0151037,35.06164924,POINT (129.0151037 35.06164924),남항방파제
44,금련산,129.0974161,35.16022306,POINT (129.0974161 35.16022306),망미동노외공영주차장
45,오륙도등대,129.1269154,35.09120355,POINT (129.1269154 35.09120355),용호부두 공영주차장
46,가덕도등대,128.8295937,35.00064712,POINT (128.8295937 35.00064712),대항공영 주차장
47,청사포,129.192219,35.16044424,POINT (129.192219 35.16044424),해월정 달맞이길 공영
48,좌수영성지,129.1117117,35.17431064,POINT (129.1117117 35.17431064),망미동노외공영주차장
49,삼락생태공원,128.9732045,35.16914477,POINT (128.9732045 35.16914477),파라곤호텔주변
50,동래향교,129.0841215,35.20772027,POINT (129.0841215 35.20772027),동래시장공영주차장
51,태종대 전망대,129.0883893,35.05039907,POINT (129.0883893 35.05039907),태종대유원지부설주차장
52,남도해양관광열차 S-트레인(S-train),129.0424332,35.11527152,POINT (129.0424332 35.11527152),왕자빌딩앞
53,부산 가톨릭 특성화 거리,129.0976416,35.24405812,POINT (129.0976416 35.24405812),구서동만남의광장공영주차장
54,옛백제병원,129.0392002,35.11636023,POINT (129.0392002 35.11636023),차이나타운
55,김민부전망대,129.0352505,35.11771001,POINT (129.0352505 35.11771001),초1-1(주거지)
56,남선창고터,129.0395112,35.1167963,POINT (129.0395112 35.1167963),차이나타운
57,168계단,129.0353644,35.11712952,POINT (129.0353644 35.11712952),초1-1(주거지)
58,유치환 우체통 전망대,129.033831,35.12211227,POINT (129.033831 35.12211227),스카이웨이
59,부산 부평 족발 골목,129.0264573,35.09921469,POINT (129.0264573 35.09921469),봉래동물양장
60,부산 자갈치 양곱창 골목,129.0277461,35.0973677,POINT (129.0277461 35.0973677),봉래동물양장
61,감천문화마을,129.0106254,35.0975007,POINT (129.0106254 35.0975007),토토볼링장앞
62,허브랑야생화,129.0518675,35.2542589,POINT (129.0518675 35.2542589),두실공영주차장
63,부산 복천동 고분군,129.0906821,35.20687327,POINT (129.0906821 35.20687327),동래시장공영주차장
64,더베이101,129.1521198,35.15668558,POINT (129.1521198 35.15668558),신일주차장
65,부산영화촬영스튜디오,129.1380958,35.162518,POINT (129.1380958 35.162518),민락수변공원 공영주차장
66,아홉산숲,129.1715589,35.28714077,POINT (129.1715589 35.28714077),정관읍 상업지역 노상주차장
67,F1963,129.1155141,35.17678543,POINT (129.1155141 35.17678543),한양아파트 앞 공영주차장
68,부산 영화의 전당,129.1270577,35.17079465,POINT (129.1270577 35.17079465),민락매립지 공영주차장
69,맥도생태공원,128.954926,35.15234909,POINT (128.954926 35.15234909),한국강관주변
70,화명생태공원,129.0039112,35.2310995,POINT (129.0039112 35.2310995),삼락재첩거리주변
71,키자니아 부산,129.1283187,35.16990033,POINT (129.1283187 35.16990033),민락매립지 공영주차장
72,부산 송도해상케이블카,129.0234248,35.07668105,POINT (129.0234248 35.07668105),남항방파제
73,절영해안산책로,129.0411871,35.08124753,POINT (129.0411871 35.08124753),절영해안산책로앞
74,부산대교,129.0385091,35.09601805,POINT (129.0385091 35.09601805),봉래동물양장
75,75광장,129.058222,35.07062125,POINT (129.058222 35.07062125),75광장앞
76,깡깡이 예술마을,129.0342207,35.0932044,POINT (129.0342207 35.0932044),토토볼링장앞
77,팬스타부산주말원나잇크루즈,129.0491659,35.11776303,POINT (129.0491659 35.11776303),초량3동-업무지6구간
78,가덕도 외양포,128.8251996,35.00563814,POINT (128.8251996 35.00563814),대항공영 주차장
79,초량 이바구길,129.0362643,35.11657126,POINT (129.0362643 35.11657126),초1-1(주거지)
80,장림포구,128.9513755,35.07936276,POINT (128.9513755 35.07936276),엄궁외식1번가주변
81,영도 흰여울해안터널,129.0453201,35.07795908,POINT (129.0453201 35.07795908),절영해안산책로앞
82,국립 달음산자연휴양림,129.1854434,35.30275594,POINT (129.1854434 35.30275594),정관읍 상업지역 노상주차장
83,구상반려암,129.0721766,35.16311949,POINT (129.0721766 35.16311949),경남공고 뒤
84,낙동강하구,128.9460086,35.10455151,POINT (128.9460086 35.10455151),엄궁외식1번가주변
85,두도,129.0148985,35.04909231,POINT (129.0148985 35.04909231),절영해안산책로앞
86,두송반도,128.9862008,35.05959616,POINT (128.9862008 35.05959616),남항방파제
87,몰운대,128.9699333,35.04028136,POINT (128.9699333 35.04028136),남항방파제
88,백양산,129.0424174,35.18536923,POINT (129.0424174 35.18536923),유원오피스텔 뒤
89,송도반도,129.0195116,35.06596551,POINT (129.0195116 35.06596551),남항방파제
90,장산,129.1681899,35.18110537,POINT (129.1681899 35.18110537),해운대교육지원청주변공영
91,마린시티,129.1436567,35.15603272,POINT (129.1436567 35.15603272),민락수변공원 공영주차장
92,북맛골,129.0825597,35.23699196,POINT (129.0825597 35.23699196),SK아파트뒤노상공영주차장
93,금정산성마을 먹거리촌,129.053823,35.25138704,POINT (129.053823 35.25138704),두실공영주차장
94,부산 치유의 숲,129.1298103,35.26900869,POINT (129.1298103 35.26900869),스포원 주차장(동측)
95,안데르센 동화마을,129.2399149,35.36011997,POINT (129.2399149 35.36011997),오리 대룡마을
96,회동수원지,129.1166488,35.22525502,POINT (129.1166488 35.22525502),금사동제2공영주차장
97,호천마을,129.0512428,35.14428233,POINT (129.0512428 35.14428233),범일4동 제2공영
98,죽성성당(드림세트장),129.2478869,35.24122234,POINT (129.2478869 35.24122234),신천리공영주차장
99,부산엑스더스카이,129.1680433,35.16138257,POINT (129.1680433 35.16138257),GS타임즈 해운대 제3
100,역사의 디오라마,129.0322897,35.11468529,POINT (129.0322897 35.11468529),초2-1(주거지)
101,해운대 블루라인파크,129.191394,35.1612608,POINT (129.191394 35.1612608),해월정 달맞이길 공영
102,승학산,128.9795998,35.11409272,POINT (128.9795998 35.11409272),엄궁초등학교지하주차장
103,땅뫼산,129.1174425,35.24727479,POINT (129.1174425 35.24727479),구서동만남의광장공영주차장
104,영도 청학배수지 전망대,129.0600713,35.08839152,POINT (129.0600713 35.08839152),청학스카이웨이
105,우암동 도시 숲,129.0726358,35.12749293,POINT (129.0726358 35.12749293),눌원빌딩옆
106,흰여울문화마을,129.04637,35.07727585,POINT (129.04637 35.07727585),절영해안산책로앞
107,기장해녀촌(연화리횟촌),129.2281143,35.21842174,POINT (129.2281143 35.21842174),신천리공영주차장
108,광안리 SUP Zone,129.1146733,35.14773867,POINT (129.1146733 35.14773867),광안리해수욕장 공영주차장
109,이중섭거리,129.0521956,35.14033556,POINT (129.0521956 35.14033556),범일4동공영
110,가덕도,128.8169442,35.02296383,POINT (128.8169442 35.02296383),대항공영 주차장
111,월전포구(월전방파제),129.2451761,35.23832539,POINT (129.2451761 35.23832539),신천리공영주차장
112,죽성항(황학대),129.2468481,35.24264716,POINT (129.2468481 35.24264716),신천리공영주차장
113,영주하늘눈전망대,129.0307259,35.11461027,POINT (129.0307259 35.11461027),초2-1(주거지)
114,천마산하늘전망대,129.0173416,35.09364848,POINT (129.0173416 35.09364848),토토볼링장앞
115,캐비네 드 쁘아쏭(미디어 갤러리),129.2289258,35.20020436,POINT (129.2289258 35.20020436),기린주차장
116,황령산 전망대,129.0827286,35.15793416,POINT (129.0827286 35.15793416),황금로 공영주차장
117,아미산 전망대,128.9608087,35.0527909,POINT (128.9608087 35.0527909),남항방파제
118,청학 수변공원,129.0611626,35.09772939,POINT (129.0611626 35.09772939),청학하나
119,영도 하늘전망대,129.0548556,35.07196271,POINT (129.0548556 35.07196271),75광장앞
120,대항전망대,128.8251215,35.01715908,POINT (128.8251215 35.01715908),대항공영 주차장
121,천성항 방파제등대,128.8148915,35.02821876,POINT (128.8148915 35.02821876),대항공영 주차장
122,구덕문화공원,129.0057695,35.12645293,POINT (129.0057695 35.12645293),수5-1(주거지)
123,대신공원,129.0148105,35.12169252,POINT (129.0148105 35.12169252),수5-1(주거지)
124,부산민주공원,129.0280541,35.10972466,POINT (129.0280541 35.10972466),초량1동업무지
125,중앙공원,129.0279957,35.11232714,POINT (129.0279957 35.11232714),초2-1(주거지)
126,장미원,129.0099162,35.23339658,POINT (129.0099162 35.23339658),삼락재첩거리주변
127,구포 어린이교통공원,128.9999568,35.20106946,POINT (128.9999568 35.20106946),모라중학교 지하(노외)
128,화명수목원,129.0426767,35.25105354,POINT (129.0426767 35.25105354),두실공영주차장
129,소두방공원,129.1817598,35.32533112,POINT (129.1817598 35.32533112),정관읍상업지역노상공영주차장
130,신평소공원,129.2600539,35.29271679,POINT (129.2600539 35.29271679),좌천 재래시장
131,장안사계곡,129.2328151,35.3744349,POINT (129.2328151 35.3744349),오리 대룡마을
132,은진사,129.2765262,35.33604835,POINT (129.2765262 35.33604835),길천마을
133,홍연폭포,129.1667036,35.29587026,POINT (129.1667036 35.29587026),정관읍 상업지역 노상주차장
134,송상현광장,129.0669242,35.16518861,POINT (129.0669242 35.16518861),유원오피스텔 뒤
135,오륜대전망대,129.1131429,35.24839125,POINT (129.1131429 35.24839125),구서동만남의광장공영주차장
136,미포,129.1706181,35.15890512,POINT (129.1706181 35.15890512),GS타임즈 해운대 제3
137,삼익비치수변공원,129.1152455,35.14622773,POINT (129.1152455 35.14622773),광안리해수욕장 공영주차장
138,오시리아 해안산책로,129.2294675,35.19748523,POINT (129.2294675 35.19748523),기린주차장
139,센텀 APEC나루공원,129.1273244,35.1679172,POINT (129.1273244 35.1679172),민락매립지 공영주차장
140,안심치유정원,129.1101753,35.28982266,POINT (129.1101753 35.28982266),스포원 주차장(동측)
141,곰내연밭,129.169545,35.29540925,POINT (129.169545 35.29540925),정관읍 상업지역 노상주차장
142,송정역,129.2003621,35.18098098,POINT (129.2003621 35.18098098),송정주차장
143,가덕해양파크휴게소,128.809631,35.02305813,POINT (128.809631 35.02305813),대항공영 주차장
144,해운대수목원,129.132625,35.23044085,POINT (129.132625 35.23044085),반송1동 제1공영
145,해리단길,129.1576302,35.16487921,POINT (129.1576302 35.16487921),해운대로주차장
146,낙동강 생태탐방선,128.9492082,35.11025093,POINT (128.9492082 35.11025093),엄궁외식1번가주변
147,대연수목전시원,129.0989283,35.1255017,POINT (129.0989283 35.1255017),용호만유람선터미널 부설주차장
148,부산라벤더팜,129.1478285,35.25904626,POINT (129.1478285 35.25904626),반송2동 공영
149,다대포항,128.9832651,35.05241358,POINT (128.9832651 35.05241358),남항방파제
150,미포항,129.170682,35.15845517,POINT (129.170682 35.15845517),GS타임즈 해운대 제3
151,부산남항,129.0372454,35.09190182,POINT (129.0372454 35.09190182),토토볼링장앞
152,관음사,128.9758059,35.10910432,POINT (128.9758059 35.10910432),엄궁외식1번가주변
153,국제크루즈터미널,129.0791838,35.08080106,POINT (129.0791838 35.08080106),하수종말처리장옆
154,감지해변,129.0764901,35.06253361,POINT (129.0764901 35.06253361),태종대유원지부설주차장
155,감천동편부두 / 감천항,129.0128152,35.05479719,POINT (129.0128152 35.05479719),절영해안산책로앞
156,사상근린공원,128.976874,35.15219951,POINT (128.976874 35.15219951),감전중천주변
157,대항선착장,128.8259993,35.01232908,POINT (128.8259993 35.01232908),대항공영 주차장
158,하리선착장,129.0815033,35.07041337,POINT (129.0815033 35.07041337),태종대유원지부설주차장
159,가야공원 / 가야산책공원,129.0276892,35.14834533,POINT (129.0276892 35.14834533),가야공원
160,외양포항,128.832951,35.03059938,POINT (128.832951 35.03059938),대항공영 주차장
161,연태봉,128.832951,35.03059938,POINT (128.832951 35.03059938),대항공영 주차장
162,정란각/문화공감수정,129.0426663,35.12558704,POINT (129.0426663 35.12558704),수4-5(주거지)
163,가덕도대항인공동굴,128.8274686,35.01330955,POINT (128.8274686 35.01330955),대항공영 주차장
164,월전장어구이촌,129.2441707,35.2381615,POINT (129.2441707 35.2381615),신천리공영주차장
165,금정산성 막걸리,129.0564228,35.25042331,POINT (129.0564228 35.25042331),구서1동공영주차장
166,화전공원,128.8791616,35.10565571,POINT (128.8791616 35.10565571),녹산산단공영주차장
167,델타루 (에코델타시티 전망대),128.922057,35.13641139,POINT (128.922057 35.13641139),엄궁외식1번가주변
168,캐니언파크 부산,129.0654692,35.14830436,POINT (129.0654692 35.14830436),경남공고 뒤
169,부산롯데월드,129.2129995,35.19606841,POINT (129.2129995 35.19606841),기린주차장
170,용호별빛공원,129.1201732,35.13225717,POINT (129.1201732 35.13225717),용호부두 공영주차장
171,동래온천길(온천천 산책코스),129.1024593,35.19162797,POINT (129.1024593 35.19162797),한양아파트 앞 공영주차장
172,해운대 그린레일웨이 (미포~송정 구간),129.1711291,35.1603383,POINT (129.1711291 35.1603383),GS타임즈 해운대 제3
173,부산 칠드런스 뮤지엄,129.2177964,35.19205784,POINT (129.2177964 35.19205784),기린주차장
174,통일아시아드공원,128.9800346,35.0594544,POINT (128.9800346 35.0594544),남항방파제
175,녹산고향동산,128.8860013,35.15431705,POINT (128.8860013 35.15431705),김해주차장
176,오륙도해맞이공원,129.1230988,35.10164954,POINT (129.1230988 35.10164954),용호부두 공영주차장
177,이기대 섭자리,117.9925663,19.69442748,POINT (117.9925663 19.69442748),대항공영 주차장
178,달맞이동산,129.1821533,35.15713053,POINT (129.1821533 35.15713053),해월정 달맞이길 공영
179,대천공원,129.1678566,35.18137755,POINT (129.1678566 35.18137755),해운대교육지원청주변공영
180,감천사(부산),129.0912632,35.1833037,POINT (129.0912632 35.1833037),연제문화체육공원 공영주차장
181,국청사(부산),129.0549922,35.25388956,POINT (129.0549922 35.25388956),두실공영주차장
182,금수사(부산),129.0296787,35.12042071,POINT (129.0296787 35.12042071),수5-1(주거지)
183,금정선원,129.0741053,35.22163519,POINT (129.0741053 35.22163519),금강공원공영주차장
184,마하사(부산),129.0876863,35.1639058,POINT (129.0876863 35.1639058),황금로 공영주차장
185,미륵사(부산),129.0489255,35.27400663,POINT (129.0489255 35.27400663),선동공영주차장
186,법륜사(부산),129.0882185,35.20378468,POINT (129.0882185 35.20378468),동래시장공영주차장
187,소름요,129.2417735,35.24337476,POINT (129.2417735 35.24337476),신천리공영주차장
188,신세계 센텀시티,129.1297408,35.16878659,POINT (129.1297408 35.16878659),민락매립지 공영주차장
189,낙동강하구에코센터,128.9458947,35.10442929,POINT (128.9458947 35.10442929),엄궁외식1번가주변
190,해운대 동백섬,129.152181,35.15399144,POINT (129.152181 35.15399144),신일주차장
191,금정산,129.0518588,35.26844898,POINT (129.0518588 35.26844898),선동공영주차장
192,다대포해수욕장,128.9680332,35.04641953,POINT (128.9680332 35.04641953),남항방파제
193,장안사(부산),129.2328734,35.37456822,POINT (129.2328734 35.37456822),오리 대룡마을
194,태종사,129.0897752,35.05600958,POINT (129.0897752 35.05600958),태종대유원지부설주차장
195,초량교회,129.0369614,35.11714343,POINT (129.0369614 35.11714343),초1-1(주거지)
196,해동 용궁사(부산),129.2235599,35.18828337,POINT (129.2235599 35.18828337),기린주차장
197,부산 중앙공원,129.0278124,35.11213827,POINT (129.0278124 35.11213827),초2-1(주거지)
198,친환경 스카이웨이 전망대(이바구길),129.0306535,35.12130952,POINT (129.0306535 35.12130952),초4-1(주거지)
199,민주공원,129.0281096,35.10938025,POINT (129.0281096 35.10938025),초량1동업무지
200,태종대온천찜질방,129.0787787,35.06458897,POINT (129.0787787 35.06458897),태종대유원지부설주차장
201,평화공원,129.099578,35.12532145,POINT (129.099578 35.12532145),용호만유람선터미널 부설주차장
202,공수어촌체험마을,129.2111944,35.18445857,POINT (129.2111944 35.18445857),기린주차장
203,동래온천 노천족탕,129.0814742,35.22003829,POINT (129.0814742 35.22003829),금강공원공영주차장
204,금강식물원,129.0770633,35.22647637,POINT (129.0770633 35.22647637),금강공원공영주차장
205,대변마을,129.2303944,35.22482385,POINT (129.2303944 35.22482385),신천리공영주차장
206,영도 등대,129.0923639,35.05239337,POINT (129.0923639 35.05239337),태종대유원지부설주차장
207,영도대교,129.0367343,35.09407101,POINT (129.0367343 35.09407101),봉래동물양장
208,송정 죽도공원,129.2061339,35.1799562,POINT (129.2061339 35.1799562),송정주차장
209,문화공감 수정(부산 수정동 일본식 가옥),129.0426663,35.12558704,POINT (129.0426663 35.12558704),수4-5(주거지)
210,부산 진지성,129.0604644,35.13576678,POINT (129.0604644 35.13576678),범일2동-업무지-5구간
211,부산진일신여학교,129.0528985,35.13483064,POINT (129.0528985 35.13483064),독도주차장
212,온정개건비,129.081327,35.22010772,POINT (129.081327 35.22010772),금강공원공영주차장
213,해월정,129.1841753,35.15850541,POINT (129.1841753 35.15850541),해월정 달맞이길 공영
214,전포카페거리,129.0629164,35.15640063,POINT (129.0629164 35.15640063),경남공고 뒤
215,임랑해수욕장,129.2620864,35.31601422,POINT (129.2620864 35.31601422),장안읍 임랑리 아름마을
216,신선대(부산),129.1033783,35.10331843,POINT (129.1033783 35.10331843),하수종말처리장옆
217,오륙도 스카이워크,129.1229377,35.10228002,POINT (129.1229377 35.10228002),용호부두 공영주차장
218,대각사(부산),129.0306263,35.101084,POINT (129.0306263 35.101084),봉래동물양장
219,수리조선소길,129.0334902,35.09237948,POINT (129.0334902 35.09237948),토토볼링장앞
220,당산,129.0344089,35.1171295,POINT (129.0344089 35.1171295),초2-1(주거지)
221,관수옥과 초량왜관 터,129.0327484,35.10053966,POINT (129.0327484 35.10053966),봉래동물양장
222,이기대,129.127162,35.1162452,POINT (129.127162 35.1162452),용호부두 공영주차장
223,기장향교,129.2158837,35.2578421,POINT (129.2158837 35.2578421),동부근린공영주차장
224,용두산 자갈치 관광특구,129.0306014,35.09666505,POINT (129.0306014 35.09666505),봉래동물양장
225,삼진어묵체험·역사관,129.0428033,35.09299347,POINT (129.0428033 35.09299347),봉래시장
226,대저생태공원,128.9845662,35.20987375,POINT (128.9845662 35.20987375),삼락재첩거리주변
227,봉래산(부산),129.0584994,35.08256992,POINT (129.0584994 35.08256992),청학2동
228,부산영화체험박물관,129.0336899,35.10175899,POINT (129.0336899 35.10175899),봉래동물양장
229,부산차량융합기술단(부산철도차량정비단),129.0482426,35.160586,POINT (129.0482426 35.160586),유원오피스텔 뒤
230,만들숲,129.0645828,35.16395537,POINT (129.0645828 35.16395537),유원오피스텔 뒤
231,낙동강문화관,128.9474417,35.10828722,POINT (128.9474417 35.10828722),엄궁외식1번가주변
232,청사포 다릿돌전망대,129.1954075,35.1633523,POINT (129.1954075 35.1633523),주차장
233,산복도로,129.0309233,35.1092331,POINT (129.0309233 35.1092331),초량1동업무지
234,동래읍성지,129.0930236,35.20410418,POINT (129.0930236 35.20410418),동래시장공영주차장
235,아미르공원,129.0774424,35.0762932,POINT (129.0774424 35.0762932),영도중학교옆
236,구포만세거리,129.0016759,35.2092658,POINT (129.0016759 35.2092658),모라중학교 지하(노외)
237,부산시민공원,129.0558807,35.16549392,POINT (129.0558807 35.16549392),유원오피스텔 뒤
238,백양산 웰빙숲,129.011434,35.18439099,POINT (129.011434 35.18439099),모라중학교 지하(노외)
239,KT&G 상상마당 부산,129.0573309,35.15431743,POINT (129.0573309 35.15431743),경남공고 뒤
240,송도용궁구름다리,129.022017,35.06195767,POINT (129.022017 35.06195767),절영해안산책로앞
241,해운대리버크루즈,129.1273244,35.1679172,POINT (129.1273244 35.1679172),민락매립지 공영주차장
242,성지곡수원지,129.0424174,35.18536923,POINT (129.0424174 35.18536923),유원오피스텔 뒤
243,가덕도 연대봉,128.8216714,35.03175182,POINT (128.8216714 35.03175182),대항공영 주차장
244,용소웰빙공원,129.20421,35.24628207,POINT (129.20421 35.24628207),동양프라자 주변도로
245,물빛색스튜디오,128.9797833,35.20939316,POINT (128.9797833 35.20939316),삼락재첩거리주변
246,대저수문 생태공원,128.9924095,35.23009663,POINT (128.9924095 35.23009663),금호주차장
247,비석문화마을,129.0124474,35.09985325,POINT (129.0124474 35.09985325),토토볼링장앞
248,닥밭골 벽화마을,129.0235905,35.11432684,POINT (129.0235905 35.11432684),초6-5(주거지)
249,해동성취사(노지캠핑),129.2544186,35.28127353,POINT (129.2544186 35.28127353),일광면사무소주변
250,해광사,129.225762,35.20557592,POINT (129.225762 35.20557592),기린주차장
251,학리항(학리방파제),129.2477531,35.25997301,POINT (129.2477531 35.25997301),일광해수욕장노상공영주차장
252,칠암항,129.2602898,35.29862169,POINT (129.2602898 35.29862169),좌천 재래시장
253,젖병등대,129.2230815,35.21382772,POINT (129.2230815 35.21382772),구 국민은행 옆 주변 복개도로
254,옥정사,129.2225233,35.31128068,POINT (129.2225233 35.31128068),좌천 재래시장
255,이동항,129.2446919,35.27174663,POINT (129.2446919 35.27174663),일광면사무소주변
256,묘관음사,129.2662747,35.32286631,POINT (129.2662747 35.32286631),임랑해수욕장 주변 행정봉사실 옆
257,감만시민공원,129.0687505,35.10970874,POINT (129.0687505 35.10970874),청학하나
258,누리바라기전망대,129.0203303,35.09079885,POINT (129.0203303 35.09079885),토토볼링장앞
259,만덕고개 누리길 전망데크,129.0573042,35.21428015,POINT (129.0573042 35.21428015),금강공원공영주차장
260,울림공원,128.9270381,35.10165981,POINT (128.9270381 35.10165981),엄궁외식1번가주변
261,신호공원,128.8707796,35.08191377,POINT (128.8707796 35.08191377),녹산산단공영주차장
262,온천천시민공원,129.0951265,35.19252496,POINT (129.0951265 35.19252496),과정 공영주차장
263,보람공원,128.843243,35.0881459,POINT (128.843243 35.0881459),녹산산단공영주차장
264,명지동근린공원,128.9066569,35.0870333,POINT (128.9066569 35.0870333),녹산산단공영주차장
265,밀락더마켓,129.1270665,35.15426039,POINT (129.1270665 35.15426039),민락매립지 공영주차장
266,성암사(부산),129.0800958,35.14567992,POINT (129.0800958 35.14567992),범일2동-업무지-2구간
267,안적사(부산),129.1698889,35.21427668,POINT (129.1698889 35.21427668),반송1동 제2공영
268,약수암(부산),128.9965272,35.17822751,POINT (128.9965272 35.17822751),덕포백양공원공영주차장
269,운수사(부산),129.0134339,35.18358278,POINT (129.0134339 35.18358278),모라중학교 지하(노외)
270,조방해수탕,129.0625724,35.14185225,POINT (129.0625724 35.14185225),신부산빌딩 앞(소망빌딩)
271,혜원정사,129.0907133,35.18401749,POINT (129.0907133 35.18401749),연제문화체육공원 공영주차장
272,중앙해수랜드,129.1106576,35.12562718,POINT (129.1106576 35.12562718),용호부두 공영주차장
273,스파랜드 센텀시티,129.1290909,35.1686477,POINT (129.1290909 35.1686477),민락매립지 공영주차장
274,다대포 꿈의 낙조분수,128.9680332,35.04641953,POINT (128.9680332 35.04641953),남항방파제
275,내원정사(부산)-템플스테이,129.0122828,35.12654748,POINT (129.0122828 35.12654748),수5-1(주거지)
276,부산어촌민속관,129.0084663,35.23376595,POINT (129.0084663 35.23376595),삼락재첩거리주변
277,부산 가톨릭센터,129.0290347,35.10421418,POINT (129.0290347 35.10421418),초량1동업무지
278,부산박물관,129.0947839,35.12955422,POINT (129.0947839 35.12955422),남천1동 공영주차장
279,정인갤러리,129.036162,35.09954261,POINT (129.036162 35.09954261),봉래동물양장
280,추리문학관,129.1833308,35.16169393,POINT (129.1833308 35.16169393),해월정 달맞이길 공영
281,복천박물관(부산),129.0911042,35.20889249,POINT (129.0911042 35.20889249),사적공원공영주차장
282,백산기념관,129.0345787,35.10197842,POINT (129.0345787 35.10197842),봉래동물양장
283,부산시립미술관,129.1370458,35.16669807,POINT (129.1370458 35.16669807),민락수변공원 공영주차장
284,구덕 민속예술관,129.018524,35.12392845,POINT (129.018524 35.12392845),수5-1(주거지)
285,수영민속예술관,129.1139699,35.17121936,POINT (129.1139699 35.17121936),망미동노외공영주차장
286,부산 강서문화원,128.9805054,35.21132351,POINT (128.9805054 35.21132351),삼락재첩거리주변
287,부산해양자연사박물관,129.0759941,35.22196852,POINT (129.0759941 35.22196852),금강공원공영주차장
288,한광미술관,129.0374394,35.10897491,POINT (129.0374394 35.10897491),초량1동업무지
289,수산과학관(부산),129.2223127,35.19115802,POINT (129.2223127 35.19115802),기린주차장
290,부산공간화랑,129.1502005,35.1576771,POINT (129.1502005 35.1576771),신일주차장
291,부산세관박물관,129.0383005,35.10485595,POINT (129.0383005 35.10485595),초량1동업무지
292,40계단 문화관,129.0345398,35.10503363,POINT (129.0345398 35.10503363),초량1동업무지
293,벡스코(BEXCO),129.1363347,35.16911167,POINT (129.1363347 35.16911167),민락수변공원 공영주차장
294,부산자유회관(부산통일관),129.0455756,35.18287512,POINT (129.0455756 35.18287512),유원오피스텔 뒤
295,부산광역시립 부전도서관,129.0622193,35.15586734,POINT (129.0622193 35.15586734),경남공고 뒤
296,부산광역시립 사하도서관,128.9910825,35.10334969,POINT (128.9910825 35.10334969),엄궁초등학교지하주차장
297,부산 해운대도서관,129.1689872,35.1779224,POINT (129.1689872 35.1779224),해운대교육지원청주변공영
298,동삼동패총전시관,129.0796423,35.07121603,POINT (129.0796423 35.07121603),태종대유원지부설주차장
299,부산광역시 영도도서관,129.0660434,35.07550141,POINT (129.0660434 35.07550141),영도중학교옆
300,부산광역시립 중앙도서관,129.0269458,35.10999405,POINT (129.0269458 35.10999405),초량1동업무지
301,부산점자도서관,128.9898028,35.17813018,POINT (128.9898028 35.17813018),덕포백양공원공영주차장
302,국립부산국악원,129.0542529,35.17144045,POINT (129.0542529 35.17144045),유원오피스텔 뒤
303,오륜대 한국순교자박물관,129.1015467,35.24615795,POINT (129.1015467 35.24615795),구서동만남의광장공영주차장
304,부산과학기술대학교 민속자료실,129.0042455,35.19446195,POINT (129.0042455 35.19446195),모라중학교 지하(노외)
305,임시수도기념관,129.0176357,35.10376402,POINT (129.0176357 35.10376402),초량1동업무지
306,우장춘기념관,129.072028,35.21352495,POINT (129.072028 35.21352495),금강공원공영주차장
307,조선통신사역사관,129.0620171,35.13577237,POINT (129.0620171 35.13577237),범일2동-업무지-3구간
308,국립해양박물관,129.0803198,35.07854022,POINT (129.0803198 35.07854022),하수종말처리장옆
309,부산 트릭아이뮤지엄,129.0336899,35.10175899,POINT (129.0336899 35.10175899),봉래동물양장
310,누리마루 APEC하우스,129.1513116,35.15239438,POINT (129.1513116 35.15239438),신일주차장
311,킴스아트필드미술관,129.0542062,35.25243971,POINT (129.0542062 35.25243971),두실공영주차장
312,요산문학관,129.0857918,35.27236861,POINT (129.0857918 35.27236861),금샘로노상공영주차장
313,이바구공작소,129.033845,35.11712671,POINT (129.033845 35.11712671),초2-1(주거지)
314,해양환경공단 해양환경교육원(부산),129.0779422,35.0802261,POINT (129.0779422 35.0802261),하수종말처리장옆
315,한국기독교선교박물관,129.0824607,35.20173202,POINT (129.0824607 35.20173202),동래시장공영주차장
316,국립일제강제동원역사관,129.0918731,35.1243242,POINT (129.0918731 35.1243242),용호만유람선터미널 부설주차장
317,범어사 성보박물관,129.0681153,35.28397532,POINT (129.0681153 35.28397532),선동공영주차장
318,정관박물관,129.1849372,35.32694489,POINT (129.1849372 35.32694489),정관읍 구연로 40
319,유엔평화기념관,129.0933063,35.12505192,POINT (129.0933063 35.12505192),용호만유람선터미널 부설주차장
320,부산 스마트시티 전시관,129.130724,35.17287781,POINT (129.130724 35.17287781),민락수변공원 공영주차장
321,부산현대미술관,128.9427199,35.10937035,POINT (128.9427199 35.10937035),엄궁외식1번가주변
322,SEA LIFE 부산아쿠아리움,129.1610328,35.15919658,POINT (129.1610328 35.15919658),신일주차장
323,국립부산과학관,129.212716,35.20461467,POINT (129.212716 35.20461467),기린주차장
324,뮤지엄 원,129.1290603,35.17141128,POINT (129.1290603 35.17141128),민락매립지 공영주차장
325,피아크 P.ARK,129.0767922,35.08636984,POINT (129.0767922 35.08636984),하수종말처리장옆
326,현대모터스튜디오 부산,129.1156002,35.17626604,POINT (129.1156002 35.17626604),한양아파트 앞 공영주차장
327,영도 조내기 고구마 역사기념관,129.0583549,35.08533072,POINT (129.0583549 35.08533072),청학스카이웨이
328,놀이마루,129.0628998,35.15640896,POINT (129.0628998 35.15640896),경남공고 뒤
329,아난티코브 야외공연장,129.228612,35.19823235,POINT (129.228612 35.19823235),기린주차장
330,서면미술관,129.0626026,35.15397589,POINT (129.0626026 35.15397589),경남공고 뒤
331,AREA6,129.0430616,35.09292126,POINT (129.0430616 35.09292126),봉래시장
332,부산근대역사관,129.0312012,35.10268384,POINT (129.0312012 35.10268384),봉래동물양장
333,한국신발관,129.0258252,35.15734428,POINT (129.0258252 35.15734428),가야중복도로
334,모노플렉스 오시리아,129.2139967,35.19396311,POINT (129.2139967 35.19396311),기린주차장
335,창비부산,129.0391696,35.11637689,POINT (129.0391696 35.11637689),차이나타운
336,박태준기념관,129.2612503,35.3169141,POINT (129.2612503 35.3169141),장안읍 임랑리 아름마을
337,갤러리 ERD 부산,129.1639936,35.16106864,POINT (129.1639936 35.16106864),GS타임즈 해운대 제3
338,브릭캠퍼스 부산,129.2149856,35.19286325,POINT (129.2149856 35.19286325),기린주차장
339,센텀시티 아이스링크,129.129552,35.16885602,POINT (129.129552 35.16885602),민락매립지 공영주차장
340,용호동일대 바다낚시,129.1152931,35.13349027,POINT (129.1152931 35.13349027),용호만유람선터미널 부설주차장
341,해운대일대(낚시터),129.1600718,35.15908824,POINT (129.1600718 35.15908824),신일주차장
342,태종대일대,129.0798065,35.0597312,POINT (129.0798065 35.0597312),태종대유원지부설주차장
343,수영만 요트경기장,129.1405651,35.16092934,POINT (129.1405651 35.16092934),민락수변공원 공영주차장
344,부산 아시아드주경기장,129.0582326,35.19022453,POINT (129.0582326 35.19022453),시티타워 뒤 공영주차장
345,스포원파크 경륜장,129.1070701,35.28916157,POINT (129.1070701 35.28916157),스포원 주차장(동측)
346,영도관광사격장,129.0541195,35.07352919,POINT (129.0541195 35.07352919),하늘전망대앞
347,다대 실내수영장,128.9614393,35.0498468,POINT (128.9614393 35.0498468),남항방파제
348,[부산 갈맷길 2코스] 2구간 민락교~오륙도,129.1325241,35.16182631,POINT (129.1325241 35.16182631),민락수변공원 공영주차장
349,해양스포츠교실,129.0772845,35.0613893,POINT (129.0772845 35.0613893),태종대유원지부설주차장
350,문탠로드,129.1756011,35.15749704,POINT (129.1756011 35.15749704),해월정 달맞이길 공영
351,송도 구름산책로(스카이워크),129.0224999,35.07536451,POINT (129.0224999 35.07536451),남항방파제
352,구덕야영장,129.0097191,35.12558921,POINT (129.0097191 35.12558921),수5-1(주거지)
353,회동수원지 둘레길,129.1166488,35.22525502,POINT (129.1166488 35.22525502),금사동제2공영주차장
354,해파랑길 2코스,129.170682,35.15845517,POINT (129.170682 35.15845517),GS타임즈 해운대 제3
355,해파랑길 1코스,129.1231322,35.10147733,POINT (129.1231322 35.10147733),용호부두 공영주차장
356,해안누리길 몰운대길,128.961431,35.04983847,POINT (128.961431 35.04983847),남항방파제
357,부산항힐링야영장,129.0428638,35.1143133,POINT (129.0428638 35.1143133),동구공영주차빌딩
358,스카이라인 루지(부산),129.2202656,35.19437429,POINT (129.2202656 35.19437429),기린주차장
359,대저캠핑장,128.9847746,35.20745458,POINT (128.9847746 35.20745458),삼락재첩거리주변
360,초원숲속캠핑장,129.188092,35.34498459,POINT (129.188092 35.34498459),정관 모전리 공영주차장
361,장안캠프,129.2524032,35.34188058,POINT (129.2524032 35.34188058),임랑해수욕장 주변 행정봉사실 옆
362,화명오토캠핑장,129.0007034,35.22240875,POINT (129.0007034 35.22240875),삼락재첩거리주변
363,동래 베네스트 골프클럽,129.1005157,35.26525302,POINT (129.1005157 35.26525302),온천천복개도로노상공영주차장
364,제이스글램핑,129.2343704,35.27727916,POINT (129.2343704 35.27727916),일광면사무소주변
365,임랑카라반파크,129.2593979,35.30950657,POINT (129.2593979 35.30950657),장안읍 임랑리 아름마을
366,더무빙카라반,129.2701438,35.32270529,POINT (129.2701438 35.32270529),임랑해수욕장 주변 행정봉사실 옆
367,지오클럽,129.2353514,35.25784524,POINT (129.2353514 35.25784524),일광해수욕장노상공영주차장
368,구포 무장애숲길,129.0007429,35.19846977,POINT (129.0007429 35.19846977),모라중학교 지하(노외)
369,화명수상레포츠타운,129.0007034,35.22240875,POINT (129.0007034 35.22240875),삼락재첩거리주변
370,삼락수상레포츠타운,128.9682187,35.17289704,POINT (128.9682187 35.17289704),발렛주차장
371,서프마린,129.114515,35.14618884,POINT (129.114515 35.14618884),광안리해수욕장 공영주차장
372,송정서핑학교,129.2003983,35.17981444,POINT (129.2003983 35.17981444),송정주차장
373,다이아몬드베이,129.1153681,35.13274869,POINT (129.1153681 35.13274869),용호만유람선터미널 부설주차장
374,송도해안볼레길,129.0189477,35.06722369,POINT (129.0189477 35.06722369),남항방파제
375,미포철길,129.1728513,35.15819691,POINT (129.1728513 35.15819691),해월정 달맞이길 공영
376,부산요트투어 3355마린,129.1419845,35.15984059,POINT (129.1419845 35.15984059),민락수변공원 공영주차장
377,부산항 힐링야영장,129.0435526,35.11342731,POINT (129.0435526 35.11342731),동구공영주차빌딩
378,요트탈래,129.1520976,35.1566217,POINT (129.1520976 35.1566217),신일주차장
379,남파랑길(부산),129.1212268,35.10033854,POINT (129.1212268 35.10033854),용호부두 공영주차장
380,해운대리버크루즈,129.1276938,35.1677377,POINT (129.1276938 35.1677377),민락매립지 공영주차장
381,태종대스쿠버다이빙,129.0764693,35.0618129,POINT (129.0764693 35.0618129),태종대유원지부설주차장
382,부산어린이워터파크_키득키득파크,129.0407059,35.1894177,POINT (129.0407059 35.1894177),유원오피스텔 뒤
383,화명생태공원(산악자전거),129.0035081,35.2266865,POINT (129.0035081 35.2266865),삼락재첩거리주변
384,수영강상설카약체험,129.122943,35.1680012,POINT (129.122943 35.1680012),민락매립지 공영주차장
385,부산아쿠아리움,129.1610038,35.1592713,POINT (129.1610038 35.1592713),신일주차장
386,광안리패들보드,129.11525,35.146254,POINT (129.11525 35.146254),광안리해수욕장 공영주차장
387,부산해양치유프로그램(해운대),129.1603842,35.1586975,POINT (129.1603842 35.1586975),신일주차장
388,부산해양치유프로그램(광안리),129.118666,35.1531696,POINT (129.118666 35.1531696),광안리해수욕장 공영주차장
389,부산해양치유프로그램(다대포),128.9662387,35.0469015,POINT (128.9662387 35.0469015),남항방파제
390,부산키자니아,129.1282951,35.169945,POINT (129.1282951 35.169945),민락매립지 공영주차장
391,부산태권도체험,129.1071495,35.1380323,POINT (129.1071495 35.1380323),남천1동 공영주차장
392,부산어묵체험관(삼진어묵),129.042794,35.0929647,POINT (129.042794 35.0929647),봉래시장
393,낙동강생태탐방,128.9491877,35.109748,POINT (128.9491877 35.109748),엄궁외식1번가주변
394,삼락생태공원오토캠핑장,128.9735403,35.1687484,POINT (128.9735403 35.1687484),파라곤호텔주변
395,영도마리나오토캠핑장,129.0611296,35.1018002,POINT (129.0611296 35.1018002),청학시장
396,부산아이스링크,129.1297466,35.1687032,POINT (129.1297466 35.1687032),민락매립지 공영주차장
397,달맞이갤러리도슨트투어,129.0466444,35.0768974,POINT (129.0466444 35.0768974),절영해안산책로앞
398,동래온천(허심청),129.0826365,35.2210076,POINT (129.0826365 35.2210076),금강공원공영주차장
399,범어사 템플스테이,129.0687639,35.2839899,POINT (129.0687639 35.2839899),선동공영주차장
400,베리굿농장체험,129.1149962,35.3080303,POINT (129.1149962 35.3080303),스포원 주차장(동측)
401,부산자연곤충마을,128.9454039,35.2216282,POINT (128.9454039 35.2216282),금호주차장
402,신발원,129.0387238,35.1148125,POINT (129.0387238 35.1148125),차이나타운
403,초량밀면,129.040609,35.117359,POINT (129.040609 35.117359),초량3동-업무지2구간
404,해운대암소갈비집,129.1663955,35.1632154,POINT (129.1663955 35.1632154),GS타임즈 해운대 제3
405,본전돼지국밥,129.0414111,35.116595,POINT (129.0414111 35.116595),왕자빌딩앞
406,합천돼지국밥,128.9803153,35.1619895,POINT (128.9803153 35.1619895),파라곤호텔주변
407,상국이네,129.1629534,35.1619919,POINT (129.1629534 35.1619919),GS타임즈 해운대 제3
408,이재모피자,129.0305985,35.1021046,POINT (129.0305985 35.1021046),봉래동물양장
409,금수복국 본점,129.1645061,35.1624205,POINT (129.1645061 35.1624205),GS타임즈 해운대 제3
410,웨이브온커피,129.2695705,35.3222464,POINT (129.2695705 35.3222464),임랑해수욕장 주변 행정봉사실 옆
411,해성막창집 본점,129.1632924,35.163905,POINT (129.1632924 35.163905),GS타임즈 해운대 제3
412,기장손칼국수,129.0581568,35.1556577,POINT (129.0581568 35.1556577),유원오피스텔 뒤
413,해목,129.1597712,35.1617421,POINT (129.1597712 35.1617421),GS타임즈 해운대 제3
414,60년전통 할매국밥,129.0561961,35.1410164,POINT (129.0561961 35.1410164),범1-6(주거지)
415,할매 가야밀면,129.0312451,35.0989316,POINT (129.0312451 35.0989316),봉래동물양장
416,고옥,129.1097226,35.1436082,POINT (129.1097226 35.1436082),남천1동 공영주차장
417,할매집,129.1649666,35.163312,POINT (129.1649666 35.163312),GS타임즈 해운대 제3
418,밀양순대돼지국밥 부산본점,129.1603015,35.1614459,POINT (129.1603015 35.1614459),GS타임즈 해운대 제3
419,쌍둥이 돼지국밥,129.0924004,35.1317717,POINT (129.0924004 35.1317717),남천1동 공영주차장
420,다리집,129.1107165,35.1468945,POINT (129.1107165 35.1468945),광안리해수욕장 공영주차장
421,이가네 떡볶이,129.0259801,35.1012568,POINT (129.0259801 35.1012568),봉래동물양장
422,나가하마만게츠,129.1574829,35.1666404,POINT (129.1574829 35.1666404),해운대로주차장
423,해운대초량밀면 해운대점,129.1597925,35.1620835,POINT (129.1597925 35.1620835),현대주차장
424,버거인뉴욕,129.1646901,35.1609342,POINT (129.1646901 35.1609342),GS타임즈 해운대 제3
425,쉑쉑버거 서면점,129.0596228,35.1530083,POINT (129.0596228 35.1530083),경남공고 뒤
426,브라운핸즈 백제,129.039158,35.1163493,POINT (129.039158 35.1163493),차이나타운
427,옵스,129.1500962,35.1577232,POINT (129.1500962 35.1577232),신일주차장
428,모모스 본점,129.0863563,35.2191997,POINT (129.0863563 35.2191997),부곡4동공영주차장
429,개미집 본점,129.0301356,35.100532,POINT (129.0301356 35.100532),봉래동물양장
430,엄용백 돼지국밥,129.1172662,35.1662627,POINT (129.1172662 35.1662627),민락해변공원 공영주차장
431,스타벅스,129.1177169,35.1530686,POINT (129.1177169 35.1530686),광안리해수욕장 공영주차장
432,바삭한밀면,129.0996603,35.1349276,POINT (129.0996603 35.1349276),남천1동 공영주차장
433,코하루,129.0869972,35.2309388,POINT (129.0869972 35.2309388),온천장북측공영주차장
434,수영 돼지국밥,129.1144528,35.1617501,POINT (129.1144528 35.1617501),광안리해수욕장 공영주차장
435,송정3대국밥,129.0585562,35.1555686,POINT (129.0585562 35.1555686),경남공고 뒤
436,테라로사 수영점,129.11531,35.1767015,POINT (129.11531 35.1767015),한양아파트 앞 공영주차장
437,개금밀면,129.0250914,35.1525482,POINT (129.0250914 35.1525482),가야중복도로
438,칠암사계,129.2593833,35.2998987,POINT (129.2593833 35.2998987),좌천 재래시장
439,마가만두,129.0385434,35.1145175,POINT (129.0385434 35.1145175),차이나타운
440,수민이네,129.1910269,35.1606204,POINT (129.1910269 35.1606204),해월정 달맞이길 공영
441,문토스트,129.2043831,35.1809125,POINT (129.2043831 35.1809125),송정주차장
442,딤딤섬,129.1297466,35.1687032,POINT (129.1297466 35.1687032),민락매립지 공영주차장
443,해운대기와집대구탕,129.1745688,35.1581274,POINT (129.1745688 35.1581274),해월정 달맞이길 공영
444,영진돼지국밥,128.9578812,35.0966354,POINT (128.9578812 35.0966354),엄궁외식1번가주변
445,칸다소바,129.0621031,35.158157,POINT (129.0621031 35.158157),경남공고 뒤
446,카가와식당,129.1559085,35.1625109,POINT (129.1559085 35.1625109),해운대로주차장
447,부산명물횟집,129.0312367,35.0971279,POINT (129.0312367 35.0971279),봉래동물양장
448,톤쇼우 광안점,129.1248005,35.1564409,POINT (129.1248005 35.1564409),민락해변공원 공영주차장
449,원조부산족발,129.0270826,35.0996168,POINT (129.0270826 35.0996168),봉래동물양장
450,소문난 주문진 막국수,129.0595761,35.195948,POINT (129.0595761 35.195948),태경선샤인아파트 앞 공영주차장
451,해성막창집 센텀점,129.1273075,35.1757062,POINT (129.1273075 35.1757062),반여2동 제2공영
452,해운대 가야밀면,129.1663464,35.1688521,POINT (129.1663464 35.1688521),현대주차장
453,비비비당,129.1850753,35.1624833,POINT (129.1850753 35.1624833),해월정 달맞이길 공영
454,라라관,129.0856752,35.2382446,POINT (129.0856752 35.2382446),SK아파트뒤노상공영주차장
455,우마이도,129.0844358,35.2301424,POINT (129.0844358 35.2301424),온천장북측공영주차장
456,대정양곱창,129.0263173,35.1001614,POINT (129.0263173 35.1001614),봉래동물양장
457,다이도코로,129.1125436,35.1466425,POINT (129.1125436 35.1466425),광안리해수욕장 공영주차장
458,백화양곱창,129.0270227,35.0969366,POINT (129.0270227 35.0969366),봉래동물양장
459,해운대밀면,129.1656788,35.1634503,POINT (129.1656788 35.1634503),GS타임즈 해운대 제3
460,할매재첩국 부산본점,129.1163867,35.1518667,POINT (129.1163867 35.1518667),광안리해수욕장 공영주차장
461,포항돼지국밥,129.0587923,35.156339,POINT (129.0587923 35.156339),유원오피스텔 뒤
462,바오하우스,129.063359,35.1548874,POINT (129.063359 35.1548874),경남공고 뒤
463,최뼈다구해장국,128.986959,35.1628712,POINT (128.986959 35.1628712),공영주차장(사상초등학교)
464,딤타오,129.156471,35.1639406,POINT (129.156471 35.1639406),해운대로주차장
465,송정집,129.1963552,35.1761715,POINT (129.1963552 35.1761715),송정주차장
466,뚱보집,129.0361361,35.100699,POINT (129.0361361 35.100699),봉래동물양장
467,남천녹차팥빙수,129.1086625,35.1406884,POINT (129.1086625 35.1406884),남천1동 공영주차장
468,자매국밥,129.1256986,35.1582993,POINT (129.1256986 35.1582993),민락매립지 공영주차장
469,버거샵,129.1576671,35.164223,POINT (129.1576671 35.164223),해운대로주차장
470,에테르,129.046452,35.0772858,POINT (129.046452 35.0772858),절영해안산책로앞
471,탐복,129.2576428,35.2828408,POINT (129.2576428 35.2828408),일광면사무소주변
472,바릇식당,129.2593457,35.282851,POINT (129.2593457 35.282851),일광면사무소주변
473,옥천사세탁,129.0660327,35.1569966,POINT (129.0660327 35.1569966),경남공고 뒤
474,스시미르네 본점,129.1767824,35.171294,POINT (129.1767824 35.171294),해운대교육지원청주변공영
475,속씨원한대구탕 해운대본점,129.155381,35.1608358,POINT (129.155381 35.1608358),해운대로주차장
476,초량1941,129.0295116,35.1198181,POINT (129.0295116 35.1198181),수5-1(주거지)
477,닭발의지존,129.1107312,35.1701834,POINT (129.1107312 35.1701834),망미동노외공영주차장
478,고래사어묵,129.1594875,35.162483,POINT (129.1594875 35.162483),현대주차장
479,춘하추동,129.0555363,35.1614729,POINT (129.0555363 35.1614729),유원오피스텔 뒤
480,어느 멋진 날,129.2341296,35.2586752,POINT (129.2341296 35.2586752),일광해수욕장노상공영주차장
481,마이페이보릿쿠키,129.1150044,35.151262,POINT (129.1150044 35.151262),광안리해수욕장 공영주차장
482,핑거스앤챗,129.1521452,35.1566229,POINT (129.1521452 35.1566229),신일주차장
483,한월식당,129.0282305,35.0965243,POINT (129.0282305 35.0965243),봉래동물양장
484,수변최고돼지국밥 민락본점,129.134279,35.1567627,POINT (129.134279 35.1567627),민락수변공원 공영주차장
485,café de 220VOLT,129.0561834,35.0939575,POINT (129.0561834 35.0939575),유정아파트
486,해물왕창칼국수,128.983781,35.1726889,POINT (128.983781 35.1726889),공영주차장(사상초등학교)
487,미미루,129.0829728,35.2194968,POINT (129.0829728 35.2194968),금강공원공영주차장
488,식당3선,129.1262337,35.1781635,POINT (129.1262337 35.1781635),반여2동 제2공영
489,알천,129.1047258,35.1385421,POINT (129.1047258 35.1385421),남천1동 공영주차장
490,모루식당,129.0640066,35.1559886,POINT (129.0640066 35.1559886),경남공고 뒤
491,어밤부,129.1967499,35.1737348,POINT (129.1967499 35.1737348),주차장
492,헤이든,129.2565105,35.2829021,POINT (129.2565105 35.2829021),일광면사무소주변
493,공극샌드커피,129.2131151,35.184502,POINT (129.2131151 35.184502),기린주차장
494,피아크,129.0766322,35.086407,POINT (129.0766322 35.086407),하수종말처리장옆
495,거대갈비,129.1671143,35.1617509,POINT (129.1671143 35.1617509),GS타임즈 해운대 제3
496,다솥맛집,129.197913,35.1785682,POINT (129.197913 35.1785682),송정주차장
497,풍원장미역국정찬 마린시티점,129.1463339,35.1541353,POINT (129.1463339 35.1541353),신일주차장
498,마이클어반팜테이블,129.1154605,35.1769907,POINT (129.1154605 35.1769907),한양아파트 앞 공영주차장
499,모모스로스터리&커피바,129.042549,35.0961199,POINT (129.042549 35.0961199),인제병원앞
500,히떼로스터리,129.0682182,35.155756,POINT (129.0682182 35.155756),경남공고 뒤
501,동래할매파전,129.0838253,35.2046345,POINT (129.0838253 35.2046345),동래시장공영주차장
502,동경밥상,129.1138679,35.1483979,POINT (129.1138679 35.1483979),광안리해수욕장 공영주차장
503,마라도,129.1265928,35.1574798,POINT (129.1265928 35.1574798),민락매립지 공영주차장
504,동백섬횟집,129.1546803,35.1604152,POINT (129.1546803 35.1604152),해운대로주차장
505,언양불고기부산집,129.1135701,35.1478851,POINT (129.1135701 35.1478851),광안리해수욕장 공영주차장
506,젠스시,129.1714865,35.1708063,POINT (129.1714865 35.1708063),해운대교육지원청주변공영
507,사까에,129.1646875,35.1601338,POINT (129.1646875 35.1601338),GS타임즈 해운대 제3
508,블랙업,129.0600014,35.156058,POINT (129.0600014 35.156058),경남공고 뒤
509,베르크로스터스,129.0662938,35.152619,POINT (129.0662938 35.152619),경남공고 뒤
510,모모야마,129.05587,35.156766,POINT (129.05587 35.156766),유원오피스텔 뒤
511,커피어웨이크,129.0838134,35.2298488,POINT (129.0838134 35.2298488),온천장북측공영주차장
512,부산바다축제,129.11713,35.151604,POINT (129.11713 35.151604),광안리해수욕장 공영주차장
513,수국축제,129.08812,35.05602,POINT (129.08812 35.05602),태종대유원지부설주차장
514,금정산성축제,129.08815,35.23809,POINT (129.08815 35.23809),SK아파트뒤노상공영주차장
515,낙동강구포나루축제,129.00346,35.22585,POINT (129.00346 35.22585),삼락재첩거리주변
516,부산불꽃축제,129.11848,35.152725,POINT (129.11848 35.152725),광안리해수욕장 공영주차장
517,삼광사연등축제,129.04338,35.175694,POINT (129.04338 35.175694),유원오피스텔 뒤
518,부산원도심골목길축제,129.03537,35.104343,POINT (129.03537 35.104343),초량1동업무지
519,해운대모래축제,129.15985,35.158497,POINT (129.15985 35.158497),신일주차장
520,부산항축제,129.04904,35.117317,POINT (129.04904 35.117317),제1지하도옆
521,동래읍성 역사축제,129.09091,35.21127,POINT (129.09091 35.21127),사적공원공영주차장
522,부산자갈치축제,129.03058,35.096703,POINT (129.03058 35.096703),봉래동물양장
523,차이나타운특구 문화축제,129.03809,35.11431,POINT (129.03809 35.11431),차이나타운
524,부산비엔날레,128.96263,35.04648,POINT (128.96263 35.04648),남항방파제
525,해운대빛축제,129.15987,35.15849,POINT (129.15987 35.15849),신일주차장
526,기장미역다시마축제,129.2447,35.271782,POINT (129.2447 35.271782),일광면사무소주변
527,광안리어방축제,129.11893,35.153156,POINT (129.11893 35.153156),광안리해수욕장 공영주차장
528,기장멸치축제,129.23056,35.223377,POINT (129.23056 35.223377),신천리공영주차장
529,크리스마스트리문화축제,129.03131,35.09927,POINT (129.03131 35.09927),봉래동물양장
530,부산국제록페스티벌,128.97238,35.168747,POINT (128.97238 35.168747),파라곤호텔주변
531,낙동강유채꽃축제,128.97278,35.1993,POINT (128.97278 35.1993),삼락재첩거리주변
532,대저토마토축제,128.97174,35.20922,POINT (128.97174 35.20922),금호주차장
533,삼락벚꽃축제,128.9716,35.169815,POINT (128.9716 35.169815),파라곤호텔주변
534,사상강변축제,128.97198,35.168854,POINT (128.97198 35.168854),파라곤호텔주변
535,해운대달맞이온천축제,129.16136,35.1588,POINT (129.16136 35.1588),신일주차장
536,해운대북극곰축제,129.1598,35.158566,POINT (129.1598 35.158566),신일주차장
537,조선통신사축제,129.03273,35.10072,POINT (129.03273 35.10072),봉래동물양장
538,부산국제영화제,129.12697,35.171078,POINT (129.12697 35.171078),민락매립지 공영주차장
539,감천문화마을골목축제,129.00931,35.095776,POINT (129.00931 35.095776),토토볼링장앞
540,부산푸드필름페스타,129.12698,35.17107,POINT (129.12698 35.17107),민락매립지 공영주차장
541,부산원아시아페스티벌(BOF),129.03737,35.102146,POINT (129.03737 35.102146),봉래동물양장
542,강서낙동강변30리벚꽃축제,128.9798273,35.2072144,POINT (128.9798273 35.2072144),삼락재첩거리주변
543,하단포구웅어축제,128.957267,35.1009466,POINT (128.957267 35.1009466),엄궁외식1번가주변
544,금정산성축제,129.05689,35.2458184,POINT (129.05689 35.2458184),구서1동공영주차장
545,수국꽃문화축제,129.0881545,35.2597783,POINT (129.0881545 35.2597783),두실공영주차장
546,기장갯마을축제,129.2339709,35.2597783,POINT (129.2339709 35.2597783),일광해수욕장노상공영주차장
547,명지시장전어축제,128.9320047,35.1121179,POINT (128.9320047 35.1121179),엄궁외식1번가주변
548,해운대해양레저축제,129.1997133,35.1786125,POINT (129.1997133 35.1786125),송정주차장
549,라라라페스티벌,129.089356,35.229771,POINT (129.089356 35.229771),온천장북측공영주차장
550,정관생태하천학습문화축제,129.1808778,35.3226785,POINT (129.1808778 35.3226785),정관읍상업지역노상공영주차장
551,철마한우불고기축제,129.1501475,35.2707643,POINT (129.1501475 35.2707643),스포원 주차장(동측)
552,UN평화축제,129.1008906,35.1269223,POINT (129.1008906 35.1269223),용호만유람선터미널 부설주차장
553,차성문화제,129.2414458,35.3013046,POINT (129.2414458 35.3013046),좌천 재래시장
554,서면메디컬스트리트축제,129.0575947,35.1542611,POINT (129.0575947 35.1542611),경남공고 뒤
555,전포커피축제,129.063288,35.1561824,POINT (129.063288 35.1561824),경남공고 뒤
556,기장붕장어축제,129.2600377,35.2972108,POINT (129.2600377 35.2972108),좌천 재래시장
557,영도다리축제,129.0384408,35.0935461,POINT (129.0384408 35.0935461),봉래동물양장
558,영도커피페스티벌,129.0759324,35.0755773,POINT (129.0759324 35.0755773),영도중학교옆
559,연제고분판타지축제,129.095056,35.1925812,POINT (129.095056 35.1925812),과정 공영주차장
560,다대포어항문화축제,128.9728212,35.0556228,POINT (128.9728212 35.0556228),남항방파제
561,보수동책방골목문화축제,129.0274609,35.1031252,POINT (129.0274609 35.1031252),초량1동업무지
562,부산고등어축제,129.016761,35.0754546,POINT (129.016761 35.0754546),남항방파제
563,카운트다운&해맞이축제,129.1603842,35.1586975,POINT (129.1603842 35.1586975),신일주차장
