travel_spot_name,ts_long,ts_lat
서면1번가,129.0582864,35.15357586
재난안전체험관,129.105109,35.29182234
광안리해수욕장,129.1184922,35.15379084
송정해수욕장,129.1996401,35.17871177
해운대해수욕장,129.1603079,35.15912435
오륙도,129.1269487,35.09204235
일광해수욕장,129.2336848,35.25996997
해운대온천센터,129.1645769,35.16344061
부산어린이대공원,129.0426785,35.18725791
부산 에덴공원,128.9632292,35.10923463
용두산공원,129.0326928,35.10048411
부산 송도해수욕장,129.0164588,35.07392567
범어사(부산),129.0681264,35.28399754
부산동명불원,129.1040278,35.119175
충렬사,129.0966207,35.19906869
UN기념공원,129.0953116,35.1277711
금정산성,129.0559837,35.25878903
태종대,129.0850811,35.05828424
해운대 달맞이길,129.1825699,35.15771936
민락수변공원,129.1331271,35.15463824
25의용단,129.1138921,35.17194983
부산진성공원,129.0611255,35.13590845
광복로문화패션거리,129.0312902,35.09910368
수미르공원,129.0381562,35.10200071
삼광사,129.0434426,35.17593142
부산차이나타운,129.0385614,35.11343277
허심청,129.0826824,35.22113541
금강공원,129.076233,35.21901053
BIFF 광장,129.0292126,35.09885089
부산다이아몬드타워,129.03264,35.10127013
수영사적공원,129.1145032,35.17069443
대천천,129.0278977,35.24379019
을숙도 공원,128.9353792,35.09379418
광안리해변 테마거리,129.1221363,35.15516575
스포원파크,129.1070701,35.28916157
선암사(부산),129.0275329,35.1768588
옥련선원,129.1266024,35.16137903
부산광안대교,129.1270084,35.14499476
황령산,129.0827286,35.15793416
대항 어촌체험 휴양마을,128.8276908,35.01172084
40계단 문화관광테마거리,129.0354119,35.10406987
동백공원,129.1521171,35.15390811
부산 올림픽동산,129.133174,35.16446214
부산 암남공원,129.0151037,35.06164924
금련산,129.0974161,35.16022306
오륙도등대,129.1269154,35.09120355
가덕도등대,128.8295937,35.00064712
청사포,129.192219,35.16044424
좌수영성지,129.1117117,35.17431064
삼락생태공원,128.9732045,35.16914477
동래향교,129.0841215,35.20772027
태종대 전망대,129.0883893,35.05039907
남도해양관광열차 S-트레인(S-train),129.0424332,35.11527152
부산 가톨릭 특성화 거리,129.0976416,35.24405812
옛백제병원,129.0392002,35.11636023
김민부전망대,129.0352505,35.11771001
남선창고터,129.0395112,35.1167963
168계단,129.0353644,35.11712952
유치환 우체통 전망대,129.033831,35.12211227
부산 부평 족발 골목,129.0264573,35.09921469
부산 자갈치 양곱창 골목,129.0277461,35.0973677
감천문화마을,129.0106254,35.0975007
허브랑야생화,129.0518675,35.2542589
부산 복천동 고분군,129.0906821,35.20687327
더베이101,129.1521198,35.15668558
부산영화촬영스튜디오,129.1380958,35.162518
아홉산숲,129.1715589,35.28714077
F1963,129.1155141,35.17678543
부산 영화의 전당,129.1270577,35.17079465
맥도생태공원,128.954926,35.15234909
화명생태공원,129.0039112,35.2310995
키자니아 부산,129.1283187,35.16990033
부산 송도해상케이블카,129.0234248,35.07668105
절영해안산책로,129.0411871,35.08124753
부산대교,129.0385091,35.09601805
75광장,129.058222,35.07062125
깡깡이 예술마을,129.0342207,35.0932044
팬스타부산주말원나잇크루즈,129.0491659,35.11776303
가덕도 외양포,128.8251996,35.00563814
초량 이바구길,129.0362643,35.11657126
장림포구,128.9513755,35.07936276
영도 흰여울해안터널,129.0453201,35.07795908
국립 달음산자연휴양림,129.1854434,35.30275594
구상반려암,129.0721766,35.16311949
낙동강하구,128.9460086,35.10455151
두도,129.0148985,35.04909231
두송반도,128.9862008,35.05959616
몰운대,128.9699333,35.04028136
백양산,129.0424174,35.18536923
송도반도,129.0195116,35.06596551
장산,129.1681899,35.18110537
마린시티,129.1436567,35.15603272
북맛골,129.0825597,35.23699196
금정산성마을 먹거리촌,129.053823,35.25138704
부산 치유의 숲,129.1298103,35.26900869
안데르센 동화마을,129.2399149,35.36011997
회동수원지,129.1166488,35.22525502
호천마을,129.0512428,35.14428233
죽성성당(드림세트장),129.2478869,35.24122234
부산엑스더스카이,129.1680433,35.16138257
역사의 디오라마,129.0322897,35.11468529
해운대 블루라인파크,129.191394,35.1612608
승학산,128.9795998,35.11409272
땅뫼산,129.1174425,35.24727479
영도 청학배수지 전망대,129.0600713,35.08839152
우암동 도시 숲,129.0726358,35.12749293
흰여울문화마을,129.04637,35.07727585
기장해녀촌(연화리횟촌),129.2281143,35.21842174
광안리 SUP Zone,129.1146733,35.14773867
이중섭거리,129.0521956,35.14033556
가덕도,128.8169442,35.02296383
월전포구(월전방파제),129.2451761,35.23832539
죽성항(황학대),129.2468481,35.24264716
영주하늘눈전망대,129.0307259,35.11461027
천마산하늘전망대,129.0173416,35.09364848
캐비네 드 쁘아쏭(미디어 갤러리),129.2289258,35.20020436
황령산 전망대,129.0827286,35.15793416
아미산 전망대,128.9608087,35.0527909
청학 수변공원,129.0611626,35.09772939
영도 하늘전망대,129.0548556,35.07196271
대항전망대,128.8251215,35.01715908
천성항 방파제등대,128.8148915,35.02821876
구덕문화공원,129.0057695,35.12645293
대신공원,129.0148105,35.12169252
부산민주공원,129.0280541,35.10972466
중앙공원,129.0279957,35.11232714
장미원,129.0099162,35.23339658
구포 어린이교통공원,128.9999568,35.20106946
화명수목원,129.0426767,35.25105354
소두방공원,129.1817598,35.32533112
신평소공원,129.2600539,35.29271679
장안사계곡,129.2328151,35.3744349
은진사,129.2765262,35.33604835
홍연폭포,129.1667036,35.29587026
송상현광장,129.0669242,35.16518861
오륜대전망대,129.1131429,35.24839125
미포,129.1706181,35.15890512
삼익비치수변공원,129.1152455,35.14622773
오시리아 해안산책로,129.2294675,35.19748523
센텀 APEC나루공원,129.1273244,35.1679172
안심치유정원,129.1101753,35.28982266
곰내연밭,129.169545,35.29540925
송정역,129.2003621,35.18098098
가덕해양파크휴게소,128.809631,35.02305813
해운대수목원,129.132625,35.23044085
해리단길,129.1576302,35.16487921
낙동강 생태탐방선,128.9492082,35.11025093
대연수목전시원,129.0989283,35.1255017
부산라벤더팜,129.1478285,35.25904626
다대포항,128.9832651,35.05241358
미포항,129.170682,35.15845517
부산남항,129.0372454,35.09190182
관음사,128.9758059,35.10910432
국제크루즈터미널,129.0791838,35.08080106
감지해변,129.0764901,35.06253361
감천동편부두 / 감천항,129.0128152,35.05479719
사상근린공원,128.976874,35.15219951
대항선착장,128.8259993,35.01232908
하리선착장,129.0815033,35.07041337
가야공원 / 가야산책공원,129.0276892,35.14834533
외양포항,128.832951,35.03059938
연태봉,128.832951,35.03059938
정란각/문화공감수정,129.0426663,35.12558704
가덕도대항인공동굴,128.8274686,35.01330955
월전장어구이촌,129.2441707,35.2381615
금정산성 막걸리,129.0564228,35.25042331
화전공원,128.8791616,35.10565571
델타루 (에코델타시티 전망대),128.922057,35.13641139
캐니언파크 부산,129.0654692,35.14830436
부산롯데월드,129.2129995,35.19606841
용호별빛공원,129.1201732,35.13225717
동래온천길(온천천 산책코스),129.1024593,35.19162797
해운대 그린레일웨이 (미포~송정 구간),129.1711291,35.1603383
부산 칠드런스 뮤지엄,129.2177964,35.19205784
통일아시아드공원,128.9800346,35.0594544
녹산고향동산,128.8860013,35.15431705
오륙도해맞이공원,129.1230988,35.10164954
이기대 섭자리,117.9925663,19.69442748
달맞이동산,129.1821533,35.15713053
대천공원,129.1678566,35.18137755
감천사(부산),129.0912632,35.1833037
국청사(부산),129.0549922,35.25388956
금수사(부산),129.0296787,35.12042071
금정선원,129.0741053,35.22163519
마하사(부산),129.0876863,35.1639058
미륵사(부산),129.0489255,35.27400663
법륜사(부산),129.0882185,35.20378468
소름요,129.2417735,35.24337476
신세계 센텀시티,129.1297408,35.16878659
낙동강하구에코센터,128.9458947,35.10442929
해운대 동백섬,129.152181,35.15399144
금정산,129.0518588,35.26844898
다대포해수욕장,128.9680332,35.04641953
장안사(부산),129.2328734,35.37456822
태종사,129.0897752,35.05600958
초량교회,129.0369614,35.11714343
해동 용궁사(부산),129.2235599,35.18828337
부산 중앙공원,129.0278124,35.11213827
친환경 스카이웨이 전망대(이바구길),129.0306535,35.12130952
민주공원,129.0281096,35.10938025
태종대온천찜질방,129.0787787,35.06458897
평화공원,129.099578,35.12532145
공수어촌체험마을,129.2111944,35.18445857
동래온천 노천족탕,129.0814742,35.22003829
금강식물원,129.0770633,35.22647637
대변마을,129.2303944,35.22482385
영도 등대,129.0923639,35.05239337
영도대교,129.0367343,35.09407101
송정 죽도공원,129.2061339,35.1799562
문화공감 수정(부산 수정동 일본식 가옥),129.0426663,35.12558704
부산 진지성,129.0604644,35.13576678
부산진일신여학교,129.0528985,35.13483064
온정개건비,129.081327,35.22010772
해월정,129.1841753,35.15850541
전포카페거리,129.0629164,35.15640063
임랑해수욕장,129.2620864,35.31601422
신선대(부산),129.1033783,35.10331843
오륙도 스카이워크,129.1229377,35.10228002
대각사(부산),129.0306263,35.101084
수리조선소길,129.0334902,35.09237948
당산,129.0344089,35.1171295
관수옥과 초량왜관 터,129.0327484,35.10053966
이기대,129.127162,35.1162452
기장향교,129.2158837,35.2578421
용두산 자갈치 관광특구,129.0306014,35.09666505
삼진어묵체험·역사관,129.0428033,35.09299347
대저생태공원,128.9845662,35.20987375
봉래산(부산),129.0584994,35.08256992
부산영화체험박물관,129.0336899,35.10175899
부산차량융합기술단(부산철도차량정비단),129.0482426,35.160586
만들숲,129.0645828,35.16395537
낙동강문화관,128.9474417,35.10828722
청사포 다릿돌전망대,129.1954075,35.1633523
산복도로,129.0309233,35.1092331
동래읍성지,129.0930236,35.20410418
아미르공원,129.0774424,35.0762932
구포만세거리,129.0016759,35.2092658
부산시민공원,129.0558807,35.16549392
백양산 웰빙숲,129.011434,35.18439099
KT&G 상상마당 부산,129.0573309,35.15431743
송도용궁구름다리,129.022017,35.06195767
해운대리버크루즈,129.1273244,35.1679172
성지곡수원지,129.0424174,35.18536923
가덕도 연대봉,128.8216714,35.03175182
용소웰빙공원,129.20421,35.24628207
물빛색스튜디오,128.9797833,35.20939316
대저수문 생태공원,128.9924095,35.23009663
비석문화마을,129.0124474,35.09985325
닥밭골 벽화마을,129.0235905,35.11432684
해동성취사(노지캠핑),129.2544186,35.28127353
해광사,129.225762,35.20557592
학리항(학리방파제),129.2477531,35.25997301
칠암항,129.2602898,35.29862169
젖병등대,129.2230815,35.21382772
옥정사,129.2225233,35.31128068
이동항,129.2446919,35.27174663
묘관음사,129.2662747,35.32286631
감만시민공원,129.0687505,35.10970874
누리바라기전망대,129.0203303,35.09079885
만덕고개 누리길 전망데크,129.0573042,35.21428015
울림공원,128.9270381,35.10165981
신호공원,128.8707796,35.08191377
온천천시민공원,129.0951265,35.19252496
보람공원,128.843243,35.0881459
명지동근린공원,128.9066569,35.0870333
밀락더마켓,129.1270665,35.15426039
성암사(부산),129.0800958,35.14567992
안적사(부산),129.1698889,35.21427668
약수암(부산),128.9965272,35.17822751
운수사(부산),129.0134339,35.18358278
조방해수탕,129.0625724,35.14185225
혜원정사,129.0907133,35.18401749
중앙해수랜드,129.1106576,35.12562718
스파랜드 센텀시티,129.1290909,35.1686477
다대포 꿈의 낙조분수,128.9680332,35.04641953
내원정사(부산)-템플스테이,129.0122828,35.12654748
부산어촌민속관,129.0084663,35.23376595
부산 가톨릭센터,129.0290347,35.10421418
부산박물관,129.0947839,35.12955422
정인갤러리,129.036162,35.09954261
추리문학관,129.1833308,35.16169393
복천박물관(부산),129.0911042,35.20889249
백산기념관,129.0345787,35.10197842
부산시립미술관,129.1370458,35.16669807
구덕 민속예술관,129.018524,35.12392845
수영민속예술관,129.1139699,35.17121936
부산 강서문화원,128.9805054,35.21132351
부산해양자연사박물관,129.0759941,35.22196852
한광미술관,129.0374394,35.10897491
수산과학관(부산),129.2223127,35.19115802
부산공간화랑,129.1502005,35.1576771
부산세관박물관,129.0383005,35.10485595
40계단 문화관,129.0345398,35.10503363
벡스코(BEXCO),129.1363347,35.16911167
부산자유회관(부산통일관),129.0455756,35.18287512
부산광역시립 부전도서관,129.0622193,35.15586734
부산광역시립 사하도서관,128.9910825,35.10334969
부산 해운대도서관,129.1689872,35.1779224
동삼동패총전시관,129.0796423,35.07121603
부산광역시 영도도서관,129.0660434,35.07550141
부산광역시립 중앙도서관,129.0269458,35.10999405
부산점자도서관,128.9898028,35.17813018
국립부산국악원,129.0542529,35.17144045
오륜대 한국순교자박물관,129.1015467,35.24615795
부산과학기술대학교 민속자료실,129.0042455,35.19446195
임시수도기념관,129.0176357,35.10376402
우장춘기념관,129.072028,35.21352495
조선통신사역사관,129.0620171,35.13577237
국립해양박물관,129.0803198,35.07854022
부산 트릭아이뮤지엄,129.0336899,35.10175899
누리마루 APEC하우스,129.1513116,35.15239438
킴스아트필드미술관,129.0542062,35.25243971
요산문학관,129.0857918,35.27236861
이바구공작소,129.033845,35.11712671
해양환경공단 해양환경교육원(부산),129.0779422,35.0802261
한국기독교선교박물관,129.0824607,35.20173202
국립일제강제동원역사관,129.0918731,35.1243242
범어사 성보박물관,129.0681153,35.28397532
정관박물관,129.1849372,35.32694489
유엔평화기념관,129.0933063,35.12505192
부산 스마트시티 전시관,129.130724,35.17287781
부산현대미술관,128.9427199,35.10937035
SEA LIFE 부산아쿠아리움,129.1610328,35.15919658
국립부산과학관,129.212716,35.20461467
뮤지엄 원,129.1290603,35.17141128
피아크 P.ARK,129.0767922,35.08636984
현대모터스튜디오 부산,129.1156002,35.17626604
영도 조내기 고구마 역사기념관,129.0583549,35.08533072
놀이마루,129.0628998,35.15640896
아난티코브 야외공연장,129.228612,35.19823235
서면미술관,129.0626026,35.15397589
AREA6,129.0430616,35.09292126
부산근대역사관,129.0312012,35.10268384
한국신발관,129.0258252,35.15734428
모노플렉스 오시리아,129.2139967,35.19396311
창비부산,129.0391696,35.11637689
박태준기념관,129.2612503,35.3169141
갤러리 ERD 부산,129.1639936,35.16106864
브릭캠퍼스 부산,129.2149856,35.19286325
센텀시티 아이스링크,129.129552,35.16885602
용호동일대 바다낚시,129.1152931,35.13349027
해운대일대(낚시터),129.1600718,35.15908824
태종대일대,129.0798065,35.0597312
수영만 요트경기장,129.1405651,35.16092934
부산 아시아드주경기장,129.0582326,35.19022453
스포원파크 경륜장,129.1070701,35.28916157
영도관광사격장,129.0541195,35.07352919
다대 실내수영장,128.9614393,35.0498468
[부산 갈맷길 2코스] 2구간 민락교~오륙도,129.1325241,35.16182631
해양스포츠교실,129.0772845,35.0613893
문탠로드,129.1756011,35.15749704
송도 구름산책로(스카이워크),129.0224999,35.07536451
구덕야영장,129.0097191,35.12558921
회동수원지 둘레길,129.1166488,35.22525502
해파랑길 2코스,129.170682,35.15845517
해파랑길 1코스,129.1231322,35.10147733
해안누리길 몰운대길,128.961431,35.04983847
부산항힐링야영장,129.0428638,35.1143133
스카이라인 루지(부산),129.2202656,35.19437429
대저캠핑장,128.9847746,35.20745458
초원숲속캠핑장,129.188092,35.34498459
장안캠프,129.2524032,35.34188058
화명오토캠핑장,129.0007034,35.22240875
동래 베네스트 골프클럽,129.1005157,35.26525302
제이스글램핑,129.2343704,35.27727916
임랑카라반파크,129.2593979,35.30950657
더무빙카라반,129.2701438,35.32270529
지오클럽,129.2353514,35.25784524
구포 무장애숲길,129.0007429,35.19846977
화명수상레포츠타운,129.0007034,35.22240875
삼락수상레포츠타운,128.9682187,35.17289704
서프마린,129.114515,35.14618884
송정서핑학교,129.2003983,35.17981444
다이아몬드베이,129.1153681,35.13274869
송도해안볼레길,129.0189477,35.06722369
미포철길,129.1728513,35.15819691
부산요트투어 3355마린,129.1419845,35.15984059
부산항 힐링야영장,129.0435526,35.11342731
요트탈래,129.1520976,35.1566217
남파랑길(부산),129.1212268,35.10033854
해운대리버크루즈,129.1276938,35.1677377
태종대스쿠버다이빙,129.0764693,35.0618129
부산어린이워터파크_키득키득파크,129.0407059,35.1894177
화명생태공원(산악자전거),129.0035081,35.2266865
수영강상설카약체험,129.122943,35.1680012
부산아쿠아리움,129.1610038,35.1592713
광안리패들보드,129.11525,35.146254
부산해양치유프로그램(해운대),129.1603842,35.1586975
부산해양치유프로그램(광안리),129.118666,35.1531696
부산해양치유프로그램(다대포),128.9662387,35.0469015
부산키자니아,129.1282951,35.169945
부산태권도체험,129.1071495,35.1380323
부산어묵체험관(삼진어묵),129.042794,35.0929647
낙동강생태탐방,128.9491877,35.109748
삼락생태공원오토캠핑장,128.9735403,35.1687484
영도마리나오토캠핑장,129.0611296,35.1018002
부산아이스링크,129.1297466,35.1687032
달맞이갤러리도슨트투어,129.0466444,35.0768974
동래온천(허심청),129.0826365,35.2210076
범어사 템플스테이,129.0687639,35.2839899
베리굿농장체험,129.1149962,35.3080303
부산자연곤충마을,128.9454039,35.2216282
신발원,129.0387238,35.1148125
초량밀면,129.040609,35.117359
해운대암소갈비집,129.1663955,35.1632154
본전돼지국밥,129.0414111,35.116595
합천돼지국밥,128.9803153,35.1619895
상국이네,129.1629534,35.1619919
이재모피자,129.0305985,35.1021046
금수복국 본점,129.1645061,35.1624205
웨이브온커피,129.2695705,35.3222464
해성막창집 본점,129.1632924,35.163905
기장손칼국수,129.0581568,35.1556577
해목,129.1597712,35.1617421
60년전통 할매국밥,129.0561961,35.1410164
할매 가야밀면,129.0312451,35.0989316
고옥,129.1097226,35.1436082
할매집,129.1649666,35.163312
밀양순대돼지국밥 부산본점,129.1603015,35.1614459
쌍둥이 돼지국밥,129.0924004,35.1317717
다리집,129.1107165,35.1468945
이가네 떡볶이,129.0259801,35.1012568
나가하마만게츠,129.1574829,35.1666404
해운대초량밀면 해운대점,129.1597925,35.1620835
버거인뉴욕,129.1646901,35.1609342
쉑쉑버거 서면점,129.0596228,35.1530083
브라운핸즈 백제,129.039158,35.1163493
옵스,129.1500962,35.1577232
모모스 본점,129.0863563,35.2191997
개미집 본점,129.0301356,35.100532
엄용백 돼지국밥,129.1172662,35.1662627
스타벅스,129.1177169,35.1530686
바삭한밀면,129.0996603,35.1349276
코하루,129.0869972,35.2309388
수영 돼지국밥,129.1144528,35.1617501
송정3대국밥,129.0585562,35.1555686
테라로사 수영점,129.11531,35.1767015
개금밀면,129.0250914,35.1525482
칠암사계,129.2593833,35.2998987
마가만두,129.0385434,35.1145175
수민이네,129.1910269,35.1606204
문토스트,129.2043831,35.1809125
딤딤섬,129.1297466,35.1687032
해운대기와집대구탕,129.1745688,35.1581274
영진돼지국밥,128.9578812,35.0966354
칸다소바,129.0621031,35.158157
카가와식당,129.1559085,35.1625109
부산명물횟집,129.0312367,35.0971279
톤쇼우 광안점,129.1248005,35.1564409
원조부산족발,129.0270826,35.0996168
소문난 주문진 막국수,129.0595761,35.195948
해성막창집 센텀점,129.1273075,35.1757062
해운대 가야밀면,129.1663464,35.1688521
비비비당,129.1850753,35.1624833
라라관,129.0856752,35.2382446
우마이도,129.0844358,35.2301424
대정양곱창,129.0263173,35.1001614
다이도코로,129.1125436,35.1466425
백화양곱창,129.0270227,35.0969366
해운대밀면,129.1656788,35.1634503
할매재첩국 부산본점,129.1163867,35.1518667
포항돼지국밥,129.0587923,35.156339
바오하우스,129.063359,35.1548874
최뼈다구해장국,128.986959,35.1628712
딤타오,129.156471,35.1639406
송정집,129.1963552,35.1761715
뚱보집,129.0361361,35.100699
남천녹차팥빙수,129.1086625,35.1406884
자매국밥,129.1256986,35.1582993
버거샵,129.1576671,35.164223
에테르,129.046452,35.0772858
탐복,129.2576428,35.2828408
바릇식당,129.2593457,35.282851
옥천사세탁,129.0660327,35.1569966
스시미르네 본점,129.1767824,35.171294
속씨원한대구탕 해운대본점,129.155381,35.1608358
초량1941,129.0295116,35.1198181
닭발의지존,129.1107312,35.1701834
고래사어묵,129.1594875,35.162483
춘하추동,129.0555363,35.1614729
어느 멋진 날,129.2341296,35.2586752
마이페이보릿쿠키,129.1150044,35.151262
핑거스앤챗,129.1521452,35.1566229
한월식당,129.0282305,35.0965243
수변최고돼지국밥 민락본점,129.134279,35.1567627
café de 220VOLT,129.0561834,35.0939575
해물왕창칼국수,128.983781,35.1726889
미미루,129.0829728,35.2194968
식당3선,129.1262337,35.1781635
알천,129.1047258,35.1385421
모루식당,129.0640066,35.1559886
어밤부,129.1967499,35.1737348
헤이든,129.2565105,35.2829021
공극샌드커피,129.2131151,35.184502
피아크,129.0766322,35.086407
거대갈비,129.1671143,35.1617509
다솥맛집,129.197913,35.1785682
풍원장미역국정찬 마린시티점,129.1463339,35.1541353
마이클어반팜테이블,129.1154605,35.1769907
모모스로스터리&커피바,129.042549,35.0961199
히떼로스터리,129.0682182,35.155756
동래할매파전,129.0838253,35.2046345
동경밥상,129.1138679,35.1483979
마라도,129.1265928,35.1574798
동백섬횟집,129.1546803,35.1604152
언양불고기부산집,129.1135701,35.1478851
젠스시,129.1714865,35.1708063
사까에,129.1646875,35.1601338
블랙업,129.0600014,35.156058
베르크로스터스,129.0662938,35.152619
모모야마,129.05587,35.156766
커피어웨이크,129.0838134,35.2298488
부산바다축제,129.11713,35.151604
수국축제,129.08812,35.05602
금정산성축제,129.08815,35.23809
낙동강구포나루축제,129.00346,35.22585
부산불꽃축제,129.11848,35.152725
삼광사연등축제,129.04338,35.175694
부산원도심골목길축제,129.03537,35.104343
해운대모래축제,129.15985,35.158497
부산항축제,129.04904,35.117317
동래읍성 역사축제,129.09091,35.21127
부산자갈치축제,129.03058,35.096703
차이나타운특구 문화축제,129.03809,35.11431
부산비엔날레,128.96263,35.04648
해운대빛축제,129.15987,35.15849
기장미역다시마축제,129.2447,35.271782
광안리어방축제,129.11893,35.153156
기장멸치축제,129.23056,35.223377
크리스마스트리문화축제,129.03131,35.09927
부산국제록페스티벌,128.97238,35.168747
낙동강유채꽃축제,128.97278,35.1993
대저토마토축제,128.97174,35.20922
삼락벚꽃축제,128.9716,35.169815
사상강변축제,128.97198,35.168854
해운대달맞이온천축제,129.16136,35.1588
해운대북극곰축제,129.1598,35.158566
조선통신사축제,129.03273,35.10072
부산국제영화제,129.12697,35.171078
감천문화마을골목축제,129.00931,35.095776
부산푸드필름페스타,129.12698,35.17107
부산원아시아페스티벌(BOF),129.03737,35.102146
강서낙동강변30리벚꽃축제,128.9798273,35.2072144
하단포구웅어축제,128.957267,35.1009466
금정산성축제,129.05689,35.2458184
수국꽃문화축제,129.0881545,35.2597783
기장갯마을축제,129.2339709,35.2597783
명지시장전어축제,128.9320047,35.1121179
해운대해양레저축제,129.1997133,35.1786125
라라라페스티벌,129.089356,35.229771
정관생태하천학습문화축제,129.1808778,35.3226785
철마한우불고기축제,129.1501475,35.2707643
UN평화축제,129.1008906,35.1269223
차성문화제,129.2414458,35.3013046
서면메디컬스트리트축제,129.0575947,35.1542611
전포커피축제,129.063288,35.1561824
기장붕장어축제,129.2600377,35.2972108
영도다리축제,129.0384408,35.0935461
영도커피페스티벌,129.0759324,35.0755773
연제고분판타지축제,129.095056,35.1925812
다대포어항문화축제,128.9728212,35.0556228
보수동책방골목문화축제,129.0274609,35.1031252
부산고등어축제,129.016761,35.0754546
카운트다운&해맞이축제,129.1603842,35.1586975
